year,country,rank_bin,unknown_ratio
2017,be,"[0, 10)",7.591062136516682
2017,be,"[10, 20)",15.041322314049587
2017,be,"[20, 30)",26.72176308539945
2017,be,"[30, 40)",31.101928374655646
2017,be,"[40, 50)",35.06887052341598
2017,be,"[50, 60)",35.84022038567493
2017,be,"[60, 70)",32.47933884297521
2017,be,"[70, 80)",32.97520661157024
2017,be,"[80, 90)",32.231404958677686
2017,be,"[90, 100)",31.34986225895317
2017,be,"[100, 110)",32.28389947528307
2017,be,"[110, 120)",33.0939226519337
2017,be,"[120, 130)",32.95580110497237
2017,be,"[130, 140)",33.370165745856355
2017,be,"[140, 150)",34.972375690607734
2017,be,"[150, 160)",35.42415031776734
2017,be,"[160, 170)",33.71191135734072
2017,be,"[170, 180)",37.61772853185595
2017,be,"[180, 190)",38.310249307479225
2017,be,"[190, 200)",41.41274238227147
2017,ch,"[0, 10)",10.07040097949189
2017,ch,"[10, 20)",40.52341597796143
2017,ch,"[20, 30)",33.553719008264466
2017,ch,"[30, 40)",23.69146005509642
2017,ch,"[40, 50)",24.21487603305785
2017,ch,"[50, 60)",26.225895316804408
2017,ch,"[60, 70)",27.41046831955923
2017,ch,"[70, 80)",26.887052341597794
2017,ch,"[80, 90)",27.685950413223143
2017,ch,"[90, 100)",29.94490358126722
2017,ch,"[100, 110)",30.60656649972176
2017,ch,"[110, 120)",32.25626740947075
2017,ch,"[120, 130)",33.871866295264624
2017,ch,"[130, 140)",36.65738161559889
2017,ch,"[140, 150)",37.409470752089135
2017,ch,"[150, 160)",39.164345403899716
2017,ch,"[160, 170)",37.54874651810585
2017,ch,"[170, 180)",40.278551532033426
2017,ch,"[180, 190)",39.97214484679666
2017,ch,"[190, 200)",40.807799442896936
2017,de,"[0, 10)",8.987380732533087
2017,de,"[10, 20)",21.77285318559557
2017,de,"[20, 30)",25.373961218836566
2017,de,"[30, 40)",25.20775623268698
2017,de,"[40, 50)",26.481994459833796
2017,de,"[50, 60)",27.811634349030474
2017,de,"[60, 70)",28.670360110803323
2017,de,"[70, 80)",28.89196675900277
2017,de,"[80, 90)",32.631578947368425
2017,de,"[90, 100)",32.908587257617725
2017,de,"[100, 110)",36.96195501249653
2017,de,"[110, 120)",38.94444444444444
2017,de,"[120, 130)",38.58333333333333
2017,de,"[130, 140)",42.05555555555556
2017,de,"[140, 150)",42.41666666666667
2017,de,"[150, 160)",43.888888888888886
2017,de,"[160, 170)",43.666666666666664
2017,de,"[170, 180)",44.80555555555556
2017,de,"[180, 190)",46.416666666666664
2017,de,"[190, 200)",46.55555555555556
2017,dk,"[0, 10)",30.540208717004298
2017,dk,"[10, 20)",24.19889502762431
2017,dk,"[20, 30)",20.165745856353592
2017,dk,"[30, 40)",25.607734806629836
2017,dk,"[40, 50)",23.895027624309392
2017,dk,"[50, 60)",25.74585635359116
2017,dk,"[60, 70)",27.513812154696133
2017,dk,"[70, 80)",30.441988950276244
2017,dk,"[80, 90)",34.50276243093923
2017,dk,"[90, 100)",36.32596685082873
2017,dk,"[100, 110)",40.55944055944056
2017,dk,"[110, 120)",40.44817927170868
2017,dk,"[120, 130)",41.792717086834735
2017,dk,"[130, 140)",40.50420168067227
2017,dk,"[140, 150)",44.36974789915966
2017,dk,"[150, 160)",42.661064425770306
2017,dk,"[160, 170)",41.65266106442577
2017,dk,"[170, 180)",43.13725490196079
2017,dk,"[180, 190)",42.60504201680672
2017,dk,"[190, 200)",42.661064425770306
2017,es,"[0, 10)",11.265432098765432
2017,es,"[10, 20)",30.194444444444446
2017,es,"[20, 30)",34.36111111111111
2017,es,"[30, 40)",29.638888888888886
2017,es,"[40, 50)",28.166666666666668
2017,es,"[50, 60)",29.388888888888886
2017,es,"[60, 70)",31.5
2017,es,"[70, 80)",31.38888888888889
2017,es,"[80, 90)",32.416666666666664
2017,es,"[90, 100)",34.27777777777778
2017,es,"[100, 110)",33.36118072960178
2017,es,"[110, 120)",35.18105849582172
2017,es,"[120, 130)",37.21448467966574
2017,es,"[130, 140)",36.04456824512535
2017,es,"[140, 150)",37.74373259052925
2017,es,"[150, 160)",37.68802228412256
2017,es,"[160, 170)",36.96378830083565
2017,es,"[170, 180)",36.211699164345404
2017,es,"[180, 190)",35.76601671309192
2017,es,"[190, 200)",37.71587743732591
2017,fr,"[0, 10)",7.774716865625956
2017,fr,"[10, 20)",25.674931129476587
2017,fr,"[20, 30)",38.15426997245179
2017,fr,"[30, 40)",36.69421487603306
2017,fr,"[40, 50)",43.08539944903581
2017,fr,"[50, 60)",49.09090909090909
2017,fr,"[60, 70)",48.84297520661157
2017,fr,"[70, 80)",50.52341597796143
2017,fr,"[80, 90)",47.74104683195593
2017,fr,"[90, 100)",47.30027548209366
2017,fr,"[100, 110)",46.340789837061585
2017,fr,"[110, 120)",43.48066298342542
2017,fr,"[120, 130)",41.68508287292818
2017,fr,"[130, 140)",38.92265193370166
2017,fr,"[140, 150)",42.04419889502763
2017,fr,"[150, 160)",39.94475138121547
2017,fr,"[160, 170)",40.66298342541437
2017,fr,"[170, 180)",40.35911602209944
2017,fr,"[180, 190)",41.29834254143646
2017,fr,"[190, 200)",42.209944751381215
2017,gb,"[0, 10)",7.059545733578883
2017,gb,"[10, 20)",18.867403314917127
2017,gb,"[20, 30)",26.2707182320442
2017,gb,"[30, 40)",35.110497237569064
2017,gb,"[40, 50)",34.69613259668508
2017,gb,"[50, 60)",36.32596685082873
2017,gb,"[60, 70)",35.85635359116022
2017,gb,"[70, 80)",35.690607734806626
2017,gb,"[80, 90)",35.71823204419889
2017,gb,"[90, 100)",33.89502762430939
2017,gb,"[100, 110)",36.139573525339244
2017,gb,"[110, 120)",37.59002770083102
2017,gb,"[120, 130)",38.088642659279785
2017,gb,"[130, 140)",35.45706371191136
2017,gb,"[140, 150)",37.257617728531855
2017,gb,"[150, 160)",36.20498614958449
2017,gb,"[160, 170)",38.282548476454295
2017,gb,"[170, 180)",40.13850415512466
2017,gb,"[180, 190)",40.88642659279779
2017,gb,"[190, 200)",42.21606648199446
2017,it,"[0, 10)",23.17110498928681
2017,it,"[10, 20)",26.639118457300277
2017,it,"[20, 30)",26.942148760330582
2017,it,"[30, 40)",34.43526170798898
2017,it,"[40, 50)",36.69421487603306
2017,it,"[50, 60)",30.991735537190085
2017,it,"[60, 70)",31.074380165289256
2017,it,"[70, 80)",30.909090909090907
2017,it,"[80, 90)",31.65289256198347
2017,it,"[90, 100)",33.691460055096414
2017,it,"[100, 110)",34.60370063518365
2017,it,"[110, 120)",32.37569060773481
2017,it,"[120, 130)",35.414364640883974
2017,it,"[130, 140)",36.46408839779006
2017,it,"[140, 150)",36.049723756906076
2017,it,"[150, 160)",36.71270718232044
2017,it,"[160, 170)",37.182320441988956
2017,it,"[170, 180)",35.248618784530386
2017,it,"[180, 190)",35.552486187845304
2017,it,"[190, 200)",37.32044198895028
2017,jp,"[0, 10)",6.1865189289012
2017,jp,"[10, 20)",15.401662049861494
2017,jp,"[20, 30)",30.11080332409972
2017,jp,"[30, 40)",33.51800554016621
2017,jp,"[40, 50)",31.05263157894737
2017,jp,"[50, 60)",30.41551246537396
2017,jp,"[60, 70)",27.645429362880886
2017,jp,"[70, 80)",28.310249307479225
2017,jp,"[80, 90)",32.57617728531856
2017,jp,"[90, 100)",29.50138504155125
2017,jp,"[100, 110)",28.51147174034695
2017,jp,"[110, 120)",27.899159663865547
2017,jp,"[120, 130)",28.599439775910362
2017,jp,"[130, 140)",32.04481792717087
2017,jp,"[140, 150)",34.00560224089636
2017,jp,"[150, 160)",33.0532212885154
2017,jp,"[160, 170)",35.46218487394958
2017,jp,"[170, 180)",36.27450980392157
2017,jp,"[180, 190)",36.134453781512605
2017,jp,"[190, 200)",38.37535014005603
2017,no,"[0, 10)",7.67341927562922
2017,no,"[10, 20)",13.812154696132598
2017,no,"[20, 30)",18.425414364640886
2017,no,"[30, 40)",27.18232044198895
2017,no,"[40, 50)",28.977900552486187
2017,no,"[50, 60)",33.646408839779006
2017,no,"[60, 70)",37.76243093922652
2017,no,"[70, 80)",42.4585635359116
2017,no,"[80, 90)",46.629834254143645
2017,no,"[90, 100)",45.58011049723757
2017,no,"[100, 110)",44.16990560799556
2017,no,"[110, 120)",42.55555555555556
2017,no,"[120, 130)",42.30555555555556
2017,no,"[130, 140)",41.36111111111111
2017,no,"[140, 150)",41.86111111111111
2017,no,"[150, 160)",40.22222222222222
2017,no,"[160, 170)",42.333333333333336
2017,no,"[170, 180)",42.47222222222222
2017,no,"[180, 190)",40.47222222222222
2017,no,"[190, 200)",38.416666666666664
2017,pl,"[0, 10)",28.790669122160832
2017,pl,"[10, 20)",17.817679558011047
2017,pl,"[20, 30)",23.56353591160221
2017,pl,"[30, 40)",25.193370165745854
2017,pl,"[40, 50)",25.386740331491715
2017,pl,"[50, 60)",27.292817679558013
2017,pl,"[60, 70)",31.988950276243095
2017,pl,"[70, 80)",36.049723756906076
2017,pl,"[80, 90)",38.12154696132597
2017,pl,"[90, 100)",38.61878453038674
2017,pl,"[100, 110)",41.049723756906076
2017,pl,"[110, 120)",40.607734806629836
2017,pl,"[120, 130)",39.226519337016576
2017,pl,"[130, 140)",38.25966850828729
2017,pl,"[140, 150)",38.12154696132597
2017,pl,"[150, 160)",36.82320441988951
2017,pl,"[160, 170)",38.28729281767956
2017,pl,"[170, 180)",36.71270718232044
2017,pl,"[180, 190)",38.48066298342541
2017,pl,"[190, 200)",38.34254143646409
2017,us,"[0, 10)",2.295684113865932
2017,us,"[10, 20)",10.165289256198347
2017,us,"[20, 30)",26.033057851239672
2017,us,"[30, 40)",30.02754820936639
2017,us,"[40, 50)",33.80165289256198
2017,us,"[50, 60)",35.48209366391185
2017,us,"[60, 70)",35.37190082644628
2017,us,"[70, 80)",37.768595041322314
2017,us,"[80, 90)",41.59779614325069
2017,us,"[90, 100)",41.680440771349865
2017,us,"[100, 110)",38.41243408270885
2017,us,"[110, 120)",36.11111111111111
2017,us,"[120, 130)",36.19444444444444
2017,us,"[130, 140)",38.416666666666664
2017,us,"[140, 150)",38.55555555555556
2017,us,"[150, 160)",38.94444444444444
2017,us,"[160, 170)",39.08333333333333
2017,us,"[170, 180)",40.0
2017,us,"[180, 190)",39.47222222222222
2017,us,"[190, 200)",39.80555555555556
2018,be,"[0, 10)",6.397306397306397
2018,be,"[10, 20)",9.917355371900827
2018,be,"[20, 30)",18.484848484848484
2018,be,"[30, 40)",25.537190082644628
2018,be,"[40, 50)",26.887052341597794
2018,be,"[50, 60)",27.658402203856745
2018,be,"[60, 70)",27.38292011019284
2018,be,"[70, 80)",24.931129476584022
2018,be,"[80, 90)",27.327823691460058
2018,be,"[90, 100)",29.83471074380165
2018,be,"[100, 110)",29.88980716253444
2018,be,"[110, 120)",29.86225895316804
2018,be,"[120, 130)",28.07162534435262
2018,be,"[130, 140)",27.603305785123965
2018,be,"[140, 150)",26.639118457300277
2018,be,"[150, 160)",28.1267217630854
2018,be,"[160, 170)",30.192837465564736
2018,be,"[170, 180)",30.853994490358126
2018,be,"[180, 190)",29.77961432506887
2018,be,"[190, 200)",29.91735537190083
2018,ch,"[0, 10)",6.336088154269973
2018,ch,"[10, 20)",21.019283746556475
2018,ch,"[20, 30)",26.666666666666668
2018,ch,"[30, 40)",27.741046831955924
2018,ch,"[40, 50)",29.614325068870524
2018,ch,"[50, 60)",24.986225895316807
2018,ch,"[60, 70)",24.765840220385673
2018,ch,"[70, 80)",22.865013774104685
2018,ch,"[80, 90)",21.487603305785125
2018,ch,"[90, 100)",24.077134986225897
2018,ch,"[100, 110)",23.774104683195592
2018,ch,"[110, 120)",22.34159779614325
2018,ch,"[120, 130)",22.176308539944902
2018,ch,"[130, 140)",21.8732782369146
2018,ch,"[140, 150)",22.506887052341597
2018,ch,"[150, 160)",22.36914600550964
2018,ch,"[160, 170)",23.112947658402202
2018,ch,"[170, 180)",25.123966942148762
2018,ch,"[180, 190)",25.81267217630854
2018,ch,"[190, 200)",25.977961432506884
2018,de,"[0, 10)",5.4484236302418125
2018,de,"[10, 20)",14.132231404958679
2018,de,"[20, 30)",19.393939393939394
2018,de,"[30, 40)",19.61432506887052
2018,de,"[40, 50)",19.31129476584022
2018,de,"[50, 60)",17.355371900826448
2018,de,"[60, 70)",17.355371900826448
2018,de,"[70, 80)",16.74931129476584
2018,de,"[80, 90)",19.75206611570248
2018,de,"[90, 100)",20.633608815426996
2018,de,"[100, 110)",21.763085399449036
2018,de,"[110, 120)",23.829201101928373
2018,de,"[120, 130)",26.391184573002757
2018,de,"[130, 140)",28.20936639118457
2018,de,"[140, 150)",27.768595041322314
2018,de,"[150, 160)",29.0633608815427
2018,de,"[160, 170)",29.75206611570248
2018,de,"[170, 180)",31.43250688705234
2018,de,"[180, 190)",32.56198347107438
2018,de,"[190, 200)",32.72727272727273
2018,dk,"[0, 10)",17.75329048056321
2018,dk,"[10, 20)",19.77961432506887
2018,dk,"[20, 30)",25.344352617079892
2018,dk,"[30, 40)",24.903581267217632
2018,dk,"[40, 50)",24.077134986225897
2018,dk,"[50, 60)",24.21487603305785
2018,dk,"[60, 70)",26.804407713498623
2018,dk,"[70, 80)",25.950413223140494
2018,dk,"[80, 90)",28.760330578512395
2018,dk,"[90, 100)",31.65289256198347
2018,dk,"[100, 110)",31.54269972451791
2018,dk,"[110, 120)",31.70798898071625
2018,dk,"[120, 130)",33.27823691460055
2018,dk,"[130, 140)",32.06611570247934
2018,dk,"[140, 150)",31.129476584022036
2018,dk,"[150, 160)",32.31404958677686
2018,dk,"[160, 170)",33.03030303030303
2018,dk,"[170, 180)",33.4435261707989
2018,dk,"[180, 190)",32.672176308539946
2018,dk,"[190, 200)",33.03030303030303
2018,es,"[0, 10)",9.947964493419038
2018,es,"[10, 20)",18.898071625344354
2018,es,"[20, 30)",26.859504132231404
2018,es,"[30, 40)",26.088154269972453
2018,es,"[40, 50)",24.022038567493112
2018,es,"[50, 60)",22.258953168044076
2018,es,"[60, 70)",24.738292011019283
2018,es,"[70, 80)",24.903581267217632
2018,es,"[80, 90)",24.600550964187327
2018,es,"[90, 100)",25.674931129476587
2018,es,"[100, 110)",27.327823691460058
2018,es,"[110, 120)",24.738292011019283
2018,es,"[120, 130)",25.895316804407713
2018,es,"[130, 140)",25.151515151515152
2018,es,"[140, 150)",26.446280991735538
2018,es,"[150, 160)",26.418732782369148
2018,es,"[160, 170)",25.068870523415974
2018,es,"[170, 180)",28.92561983471074
2018,es,"[180, 190)",28.31955922865014
2018,es,"[190, 200)",27.300275482093667
2018,fr,"[0, 10)",8.876645240281604
2018,fr,"[10, 20)",23.553719008264462
2018,fr,"[20, 30)",24.655647382920108
2018,fr,"[30, 40)",28.760330578512395
2018,fr,"[40, 50)",30.68870523415978
2018,fr,"[50, 60)",28.34710743801653
2018,fr,"[60, 70)",29.366391184573004
2018,fr,"[70, 80)",31.019283746556475
2018,fr,"[80, 90)",35.39944903581267
2018,fr,"[90, 100)",37.878787878787875
2018,fr,"[100, 110)",40.60606060606061
2018,fr,"[110, 120)",41.26721763085399
2018,fr,"[120, 130)",40.303030303030305
2018,fr,"[130, 140)",41.18457300275482
2018,fr,"[140, 150)",40.88154269972451
2018,fr,"[150, 160)",38.01652892561984
2018,fr,"[160, 170)",37.52066115702479
2018,fr,"[170, 180)",36.2534435261708
2018,fr,"[180, 190)",36.91460055096419
2018,fr,"[190, 200)",33.25068870523416
2018,gb,"[0, 10)",3.2535297728667896
2018,gb,"[10, 20)",7.569060773480663
2018,gb,"[20, 30)",14.88950276243094
2018,gb,"[30, 40)",20.414364640883978
2018,gb,"[40, 50)",29.088397790055247
2018,gb,"[50, 60)",28.950276243093924
2018,gb,"[60, 70)",26.04972375690608
2018,gb,"[70, 80)",25.441988950276244
2018,gb,"[80, 90)",25.46961325966851
2018,gb,"[90, 100)",24.64088397790055
2018,gb,"[100, 110)",23.508287292817677
2018,gb,"[110, 120)",23.535911602209943
2018,gb,"[120, 130)",23.45303867403315
2018,gb,"[130, 140)",24.723756906077348
2018,gb,"[140, 150)",25.828729281767952
2018,gb,"[150, 160)",25.276243093922652
2018,gb,"[160, 170)",26.933701657458563
2018,gb,"[170, 180)",28.314917127071826
2018,gb,"[180, 190)",30.027624309392266
2018,gb,"[190, 200)",30.055248618784532
2018,it,"[0, 10)",16.345270890725434
2018,it,"[10, 20)",24.049586776859506
2018,it,"[20, 30)",22.506887052341597
2018,it,"[30, 40)",25.757575757575758
2018,it,"[40, 50)",26.225895316804408
2018,it,"[50, 60)",22.75482093663912
2018,it,"[60, 70)",24.903581267217632
2018,it,"[70, 80)",23.333333333333332
2018,it,"[80, 90)",25.702479338842977
2018,it,"[90, 100)",24.655647382920108
2018,it,"[100, 110)",22.975206611570247
2018,it,"[110, 120)",25.564738292011018
2018,it,"[120, 130)",25.426997245179063
2018,it,"[130, 140)",26.72176308539945
2018,it,"[140, 150)",26.446280991735538
2018,it,"[150, 160)",24.986225895316807
2018,it,"[160, 170)",27.493112947658403
2018,it,"[170, 180)",28.20936639118457
2018,it,"[180, 190)",29.559228650137744
2018,it,"[190, 200)",27.603305785123965
2018,jp,"[0, 10)",10.86623813896541
2018,jp,"[10, 20)",21.294765840220386
2018,jp,"[20, 30)",12.865013774104684
2018,jp,"[30, 40)",15.261707988980715
2018,jp,"[40, 50)",20.19283746556474
2018,jp,"[50, 60)",19.28374655647383
2018,jp,"[60, 70)",21.928374655647385
2018,jp,"[70, 80)",20.303030303030305
2018,jp,"[80, 90)",18.787878787878785
2018,jp,"[90, 100)",17.16253443526171
2018,jp,"[100, 110)",19.641873278236915
2018,jp,"[110, 120)",20.275482093663914
2018,jp,"[120, 130)",19.53168044077135
2018,jp,"[130, 140)",20.440771349862256
2018,jp,"[140, 150)",22.03856749311295
2018,jp,"[150, 160)",21.70798898071625
2018,jp,"[160, 170)",24.269972451790633
2018,jp,"[170, 180)",24.600550964187327
2018,jp,"[180, 190)",24.820936639118457
2018,jp,"[190, 200)",23.774104683195592
2018,no,"[0, 10)",6.458524640342822
2018,no,"[10, 20)",11.15702479338843
2018,no,"[20, 30)",18.650137741046834
2018,no,"[30, 40)",22.09366391184573
2018,no,"[40, 50)",27.630853994490355
2018,no,"[50, 60)",30.220385674931126
2018,no,"[60, 70)",30.137741046831955
2018,no,"[70, 80)",29.641873278236915
2018,no,"[80, 90)",31.65289256198347
2018,no,"[90, 100)",32.25895316804407
2018,no,"[100, 110)",32.61707988980716
2018,no,"[110, 120)",33.80165289256198
2018,no,"[120, 130)",31.928374655647385
2018,no,"[130, 140)",30.082644628099175
2018,no,"[140, 150)",30.74380165289256
2018,no,"[150, 160)",29.80716253443526
2018,no,"[160, 170)",30.385674931129476
2018,no,"[170, 180)",31.790633608815426
2018,no,"[180, 190)",29.77961432506887
2018,no,"[190, 200)",32.14876033057851
2018,pl,"[0, 10)",15.947352310988675
2018,pl,"[10, 20)",19.03581267217631
2018,pl,"[20, 30)",21.542699724517906
2018,pl,"[30, 40)",24.738292011019283
2018,pl,"[40, 50)",25.647382920110196
2018,pl,"[50, 60)",21.928374655647385
2018,pl,"[60, 70)",24.738292011019283
2018,pl,"[70, 80)",26.969696969696972
2018,pl,"[80, 90)",27.46556473829201
2018,pl,"[90, 100)",27.90633608815427
2018,pl,"[100, 110)",27.107438016528924
2018,pl,"[110, 120)",27.713498622589533
2018,pl,"[120, 130)",28.539944903581265
2018,pl,"[130, 140)",27.493112947658403
2018,pl,"[140, 150)",28.539944903581265
2018,pl,"[150, 160)",28.34710743801653
2018,pl,"[160, 170)",29.03581267217631
2018,pl,"[170, 180)",30.165289256198346
2018,pl,"[180, 190)",28.92561983471074
2018,pl,"[190, 200)",29.75206611570248
2018,us,"[0, 10)",4.009794918885827
2018,us,"[10, 20)",15.123966942148762
2018,us,"[20, 30)",17.575757575757574
2018,us,"[30, 40)",23.03030303030303
2018,us,"[40, 50)",31.62534435261708
2018,us,"[50, 60)",36.00550964187328
2018,us,"[60, 70)",34.02203856749311
2018,us,"[70, 80)",36.36363636363637
2018,us,"[80, 90)",31.928374655647385
2018,us,"[90, 100)",35.01377410468319
2018,us,"[100, 110)",30.55096418732782
2018,us,"[110, 120)",30.71625344352617
2018,us,"[120, 130)",31.790633608815426
2018,us,"[130, 140)",31.790633608815426
2018,us,"[140, 150)",31.37741046831956
2018,us,"[150, 160)",30.991735537190085
2018,us,"[160, 170)",32.58953168044077
2018,us,"[170, 180)",32.451790633608816
2018,us,"[180, 190)",31.239669421487605
2018,us,"[190, 200)",30.275482093663914
2019,be,"[0, 10)",4.779299847792998
2019,be,"[10, 20)",7.9452054794520555
2019,be,"[20, 30)",17.068493150684933
2019,be,"[30, 40)",19.863013698630137
2019,be,"[40, 50)",20.465753424657535
2019,be,"[50, 60)",20.52054794520548
2019,be,"[60, 70)",18.84931506849315
2019,be,"[70, 80)",21.506849315068493
2019,be,"[80, 90)",21.06849315068493
2019,be,"[90, 100)",22.65753424657534
2019,be,"[100, 110)",23.123287671232877
2019,be,"[110, 120)",24.383561643835616
2019,be,"[120, 130)",23.945205479452056
2019,be,"[130, 140)",22.465753424657535
2019,be,"[140, 150)",24.849315068493148
2019,be,"[150, 160)",22.21917808219178
2019,be,"[160, 170)",23.15068493150685
2019,be,"[170, 180)",22.246575342465754
2019,be,"[180, 190)",24.273972602739725
2019,be,"[190, 200)",24.52054794520548
2019,ch,"[0, 10)",1.7351598173515983
2019,ch,"[10, 20)",3.534246575342466
2019,ch,"[20, 30)",11.643835616438356
2019,ch,"[30, 40)",16.95890410958904
2019,ch,"[40, 50)",19.616438356164384
2019,ch,"[50, 60)",21.89041095890411
2019,ch,"[60, 70)",22.164383561643834
2019,ch,"[70, 80)",21.04109589041096
2019,ch,"[80, 90)",19.6986301369863
2019,ch,"[90, 100)",18.684931506849313
2019,ch,"[100, 110)",15.479452054794521
2019,ch,"[110, 120)",15.890410958904111
2019,ch,"[120, 130)",17.452054794520546
2019,ch,"[130, 140)",16.547945205479454
2019,ch,"[140, 150)",17.698630136986303
2019,ch,"[150, 160)",16.575342465753426
2019,ch,"[160, 170)",19.835616438356166
2019,ch,"[170, 180)",19.013698630136986
2019,ch,"[180, 190)",20.904109589041095
2019,ch,"[190, 200)",20.602739726027398
2019,de,"[0, 10)",4.779299847792998
2019,de,"[10, 20)",5.808219178082192
2019,de,"[20, 30)",9.068493150684931
2019,de,"[30, 40)",14.54794520547945
2019,de,"[40, 50)",16.52054794520548
2019,de,"[50, 60)",12.630136986301368
2019,de,"[60, 70)",14.000000000000002
2019,de,"[70, 80)",13.863013698630136
2019,de,"[80, 90)",13.315068493150687
2019,de,"[90, 100)",13.917808219178083
2019,de,"[100, 110)",15.178082191780822
2019,de,"[110, 120)",17.17808219178082
2019,de,"[120, 130)",19.616438356164384
2019,de,"[130, 140)",19.17808219178082
2019,de,"[140, 150)",22.273972602739725
2019,de,"[150, 160)",23.068493150684933
2019,de,"[160, 170)",21.80821917808219
2019,de,"[170, 180)",19.835616438356166
2019,de,"[180, 190)",19.342465753424655
2019,de,"[190, 200)",18.794520547945208
2019,dk,"[0, 10)",13.850837138508371
2019,dk,"[10, 20)",12.657534246575342
2019,dk,"[20, 30)",21.36986301369863
2019,dk,"[30, 40)",19.342465753424655
2019,dk,"[40, 50)",18.21917808219178
2019,dk,"[50, 60)",19.397260273972602
2019,dk,"[60, 70)",20.465753424657535
2019,dk,"[70, 80)",22.602739726027394
2019,dk,"[80, 90)",23.45205479452055
2019,dk,"[90, 100)",24.794520547945208
2019,dk,"[100, 110)",24.3013698630137
2019,dk,"[110, 120)",25.260273972602736
2019,dk,"[120, 130)",26.986301369863014
2019,dk,"[130, 140)",27.89041095890411
2019,dk,"[140, 150)",28.73972602739726
2019,dk,"[150, 160)",26.876712328767123
2019,dk,"[160, 170)",26.958904109589042
2019,dk,"[170, 180)",28.191780821917806
2019,dk,"[180, 190)",27.315068493150683
2019,dk,"[190, 200)",27.72602739726027
2019,es,"[0, 10)",6.331811263318113
2019,es,"[10, 20)",12.630136986301368
2019,es,"[20, 30)",11.972602739726028
2019,es,"[30, 40)",15.58904109589041
2019,es,"[40, 50)",19.315068493150687
2019,es,"[50, 60)",19.397260273972602
2019,es,"[60, 70)",17.917808219178085
2019,es,"[70, 80)",16.9041095890411
2019,es,"[80, 90)",15.835616438356166
2019,es,"[90, 100)",18.136986301369863
2019,es,"[100, 110)",19.47945205479452
2019,es,"[110, 120)",19.315068493150687
2019,es,"[120, 130)",20.054794520547944
2019,es,"[130, 140)",19.45205479452055
2019,es,"[140, 150)",20.43835616438356
2019,es,"[150, 160)",23.671232876712327
2019,es,"[160, 170)",20.84931506849315
2019,es,"[170, 180)",20.164383561643838
2019,es,"[180, 190)",23.068493150684933
2019,es,"[190, 200)",20.958904109589042
2019,fr,"[0, 10)",5.053272450532725
2019,fr,"[10, 20)",10.0
2019,fr,"[20, 30)",19.972602739726028
2019,fr,"[30, 40)",24.164383561643834
2019,fr,"[40, 50)",24.71232876712329
2019,fr,"[50, 60)",22.602739726027394
2019,fr,"[60, 70)",21.726027397260275
2019,fr,"[70, 80)",21.315068493150687
2019,fr,"[80, 90)",23.945205479452056
2019,fr,"[90, 100)",23.17808219178082
2019,fr,"[100, 110)",26.054794520547947
2019,fr,"[110, 120)",26.246575342465757
2019,fr,"[120, 130)",29.15068493150685
2019,fr,"[130, 140)",27.698630136986303
2019,fr,"[140, 150)",25.28767123287671
2019,fr,"[150, 160)",25.452054794520546
2019,fr,"[160, 170)",24.63013698630137
2019,fr,"[170, 180)",25.17808219178082
2019,fr,"[180, 190)",24.52054794520548
2019,fr,"[190, 200)",23.89041095890411
2019,gb,"[0, 10)",2.5875190258751903
2019,gb,"[10, 20)",6.904109589041097
2019,gb,"[20, 30)",13.945205479452055
2019,gb,"[30, 40)",16.876712328767123
2019,gb,"[40, 50)",20.958904109589042
2019,gb,"[50, 60)",19.068493150684933
2019,gb,"[60, 70)",18.465753424657535
2019,gb,"[70, 80)",21.45205479452055
2019,gb,"[80, 90)",20.54794520547945
2019,gb,"[90, 100)",20.931506849315067
2019,gb,"[100, 110)",19.89041095890411
2019,gb,"[110, 120)",20.054794520547944
2019,gb,"[120, 130)",19.643835616438356
2019,gb,"[130, 140)",20.82191780821918
2019,gb,"[140, 150)",19.753424657534246
2019,gb,"[150, 160)",20.84931506849315
2019,gb,"[160, 170)",22.21917808219178
2019,gb,"[170, 180)",23.36986301369863
2019,gb,"[180, 190)",23.780821917808222
2019,gb,"[190, 200)",24.904109589041095
2019,it,"[0, 10)",13.363774733637749
2019,it,"[10, 20)",19.589041095890412
2019,it,"[20, 30)",23.506849315068493
2019,it,"[30, 40)",17.698630136986303
2019,it,"[40, 50)",26.328767123287673
2019,it,"[50, 60)",25.67123287671233
2019,it,"[60, 70)",18.465753424657535
2019,it,"[70, 80)",18.383561643835616
2019,it,"[80, 90)",18.958904109589042
2019,it,"[90, 100)",19.315068493150687
2019,it,"[100, 110)",19.150684931506852
2019,it,"[110, 120)",21.205479452054796
2019,it,"[120, 130)",21.06849315068493
2019,it,"[130, 140)",23.47945205479452
2019,it,"[140, 150)",22.383561643835616
2019,it,"[150, 160)",23.123287671232877
2019,it,"[160, 170)",24.164383561643834
2019,it,"[170, 180)",23.753424657534246
2019,it,"[180, 190)",22.95890410958904
2019,it,"[190, 200)",25.506849315068493
2019,jp,"[0, 10)",5.175038051750381
2019,jp,"[10, 20)",8.904109589041095
2019,jp,"[20, 30)",11.232876712328768
2019,jp,"[30, 40)",11.67123287671233
2019,jp,"[40, 50)",14.95890410958904
2019,jp,"[50, 60)",14.301369863013699
2019,jp,"[60, 70)",15.835616438356166
2019,jp,"[70, 80)",19.315068493150687
2019,jp,"[80, 90)",20.794520547945204
2019,jp,"[90, 100)",17.56164383561644
2019,jp,"[100, 110)",13.89041095890411
2019,jp,"[110, 120)",12.547945205479452
2019,jp,"[120, 130)",13.150684931506849
2019,jp,"[130, 140)",14.63013698630137
2019,jp,"[140, 150)",15.643835616438356
2019,jp,"[150, 160)",16.301369863013697
2019,jp,"[160, 170)",16.383561643835616
2019,jp,"[170, 180)",17.780821917808222
2019,jp,"[180, 190)",17.068493150684933
2019,jp,"[190, 200)",16.65753424657534
2019,no,"[0, 10)",7.427701674277016
2019,no,"[10, 20)",9.479452054794521
2019,no,"[20, 30)",17.397260273972602
2019,no,"[30, 40)",21.04109589041096
2019,no,"[40, 50)",20.21917808219178
2019,no,"[50, 60)",19.36986301369863
2019,no,"[60, 70)",19.315068493150687
2019,no,"[70, 80)",20.84931506849315
2019,no,"[80, 90)",25.6986301369863
2019,no,"[90, 100)",26.164383561643834
2019,no,"[100, 110)",28.986301369863014
2019,no,"[110, 120)",28.794520547945208
2019,no,"[120, 130)",28.904109589041095
2019,no,"[130, 140)",29.397260273972602
2019,no,"[140, 150)",29.205479452054796
2019,no,"[150, 160)",28.465753424657535
2019,no,"[160, 170)",29.61643835616438
2019,no,"[170, 180)",30.246575342465754
2019,no,"[180, 190)",30.027397260273975
2019,no,"[190, 200)",28.465753424657535
2019,pl,"[0, 10)",11.933028919330289
2019,pl,"[10, 20)",11.178082191780822
2019,pl,"[20, 30)",13.561643835616438
2019,pl,"[30, 40)",20.876712328767123
2019,pl,"[40, 50)",21.47945205479452
2019,pl,"[50, 60)",20.575342465753423
2019,pl,"[60, 70)",17.095890410958905
2019,pl,"[70, 80)",15.835616438356166
2019,pl,"[80, 90)",16.493150684931507
2019,pl,"[90, 100)",18.0
2019,pl,"[100, 110)",18.71232876712329
2019,pl,"[110, 120)",20.958904109589042
2019,pl,"[120, 130)",20.986301369863014
2019,pl,"[130, 140)",19.424657534246574
2019,pl,"[140, 150)",20.164383561643838
2019,pl,"[150, 160)",19.6986301369863
2019,pl,"[160, 170)",20.328767123287673
2019,pl,"[170, 180)",21.698630136986303
2019,pl,"[180, 190)",22.082191780821915
2019,pl,"[190, 200)",21.945205479452053
2019,us,"[0, 10)",4.170471841704718
2019,us,"[10, 20)",10.602739726027398
2019,us,"[20, 30)",16.136986301369863
2019,us,"[30, 40)",18.08219178082192
2019,us,"[40, 50)",19.835616438356166
2019,us,"[50, 60)",21.424657534246574
2019,us,"[60, 70)",24.684931506849313
2019,us,"[70, 80)",26.54794520547945
2019,us,"[80, 90)",28.493150684931507
2019,us,"[90, 100)",26.684931506849313
2019,us,"[100, 110)",28.986301369863014
2019,us,"[110, 120)",29.945205479452053
2019,us,"[120, 130)",27.753424657534246
2019,us,"[130, 140)",27.397260273972602
2019,us,"[140, 150)",26.328767123287673
2019,us,"[150, 160)",26.493150684931503
2019,us,"[160, 170)",28.657534246575345
2019,us,"[170, 180)",29.0958904109589
2019,us,"[180, 190)",31.013698630136986
2019,us,"[190, 200)",31.315068493150683
2020,be,"[0, 10)",2.2768670309653913
2020,be,"[10, 20)",5.573770491803279
2020,be,"[20, 30)",7.295081967213115
2020,be,"[30, 40)",9.94535519125683
2020,be,"[40, 50)",10.901639344262296
2020,be,"[50, 60)",11.912568306010929
2020,be,"[60, 70)",13.169398907103824
2020,be,"[70, 80)",13.415300546448087
2020,be,"[80, 90)",12.431693989071038
2020,be,"[90, 100)",13.633879781420767
2020,be,"[100, 110)",14.453551912568305
2020,be,"[110, 120)",15.846994535519126
2020,be,"[120, 130)",16.639344262295083
2020,be,"[130, 140)",17.37704918032787
2020,be,"[140, 150)",17.349726775956285
2020,be,"[150, 160)",17.37704918032787
2020,be,"[160, 170)",19.2896174863388
2020,be,"[170, 180)",19.23497267759563
2020,be,"[180, 190)",18.278688524590166
2020,be,"[190, 200)",19.262295081967213
2020,ch,"[0, 10)",0.4857316332726169
2020,ch,"[10, 20)",1.9398907103825136
2020,ch,"[20, 30)",4.617486338797814
2020,ch,"[30, 40)",5.819672131147541
2020,ch,"[40, 50)",8.005464480874316
2020,ch,"[50, 60)",8.66120218579235
2020,ch,"[60, 70)",10.136612021857923
2020,ch,"[70, 80)",11.202185792349727
2020,ch,"[80, 90)",10.40983606557377
2020,ch,"[90, 100)",11.639344262295081
2020,ch,"[100, 110)",10.92896174863388
2020,ch,"[110, 120)",10.92896174863388
2020,ch,"[120, 130)",10.792349726775956
2020,ch,"[130, 140)",10.901639344262296
2020,ch,"[140, 150)",11.912568306010929
2020,ch,"[150, 160)",11.80327868852459
2020,ch,"[160, 170)",12.622950819672132
2020,ch,"[170, 180)",13.25136612021858
2020,ch,"[180, 190)",13.55191256830601
2020,ch,"[190, 200)",13.907103825136613
2020,de,"[0, 10)",0.9107468123861567
2020,de,"[10, 20)",4.344262295081967
2020,de,"[20, 30)",5.901639344262295
2020,de,"[30, 40)",8.989071038251366
2020,de,"[40, 50)",10.027322404371585
2020,de,"[50, 60)",9.672131147540984
2020,de,"[60, 70)",11.857923497267759
2020,de,"[70, 80)",9.94535519125683
2020,de,"[80, 90)",9.371584699453551
2020,de,"[90, 100)",11.010928961748634
2020,de,"[100, 110)",10.628415300546449
2020,de,"[110, 120)",10.163934426229508
2020,de,"[120, 130)",10.191256830601093
2020,de,"[130, 140)",9.836065573770492
2020,de,"[140, 150)",11.612021857923498
2020,de,"[150, 160)",12.049180327868852
2020,de,"[160, 170)",13.524590163934427
2020,de,"[170, 180)",14.89071038251366
2020,de,"[180, 190)",16.229508196721312
2020,de,"[190, 200)",17.076502732240435
2020,dk,"[0, 10)",1.700060716454159
2020,dk,"[10, 20)",8.633879781420765
2020,dk,"[20, 30)",8.825136612021858
2020,dk,"[30, 40)",9.863387978142077
2020,dk,"[40, 50)",11.939890710382514
2020,dk,"[50, 60)",12.622950819672132
2020,dk,"[60, 70)",13.852459016393443
2020,dk,"[70, 80)",13.415300546448087
2020,dk,"[80, 90)",12.6775956284153
2020,dk,"[90, 100)",13.661202185792352
2020,dk,"[100, 110)",15.956284153005464
2020,dk,"[110, 120)",16.475409836065573
2020,dk,"[120, 130)",15.983606557377051
2020,dk,"[130, 140)",18.333333333333332
2020,dk,"[140, 150)",18.55191256830601
2020,dk,"[150, 160)",18.55191256830601
2020,dk,"[160, 170)",20.081967213114755
2020,dk,"[170, 180)",21.256830601092897
2020,dk,"[180, 190)",20.737704918032787
2020,dk,"[190, 200)",21.830601092896174
2020,es,"[0, 10)",2.428658166363084
2020,es,"[10, 20)",2.4863387978142075
2020,es,"[20, 30)",6.557377049180328
2020,es,"[30, 40)",9.6448087431694
2020,es,"[40, 50)",12.868852459016395
2020,es,"[50, 60)",11.502732240437158
2020,es,"[60, 70)",11.284153005464482
2020,es,"[70, 80)",10.464480874316939
2020,es,"[80, 90)",12.459016393442624
2020,es,"[90, 100)",12.759562841530053
2020,es,"[100, 110)",12.978142076502733
2020,es,"[110, 120)",13.442622950819672
2020,es,"[120, 130)",13.797814207650273
2020,es,"[130, 140)",15.437158469945356
2020,es,"[140, 150)",15.327868852459018
2020,es,"[150, 160)",16.311475409836067
2020,es,"[160, 170)",17.3224043715847
2020,es,"[170, 180)",18.14207650273224
2020,es,"[180, 190)",17.158469945355193
2020,es,"[190, 200)",17.97814207650273
2020,fr,"[0, 10)",2.0947176684881605
2020,fr,"[10, 20)",4.2349726775956285
2020,fr,"[20, 30)",7.158469945355191
2020,fr,"[30, 40)",11.39344262295082
2020,fr,"[40, 50)",14.153005464480875
2020,fr,"[50, 60)",14.535519125683061
2020,fr,"[60, 70)",11.557377049180328
2020,fr,"[70, 80)",14.18032786885246
2020,fr,"[80, 90)",14.207650273224044
2020,fr,"[90, 100)",12.6775956284153
2020,fr,"[100, 110)",11.967213114754099
2020,fr,"[110, 120)",11.03825136612022
2020,fr,"[120, 130)",13.825136612021858
2020,fr,"[130, 140)",15.40983606557377
2020,fr,"[140, 150)",15.327868852459018
2020,fr,"[150, 160)",17.349726775956285
2020,fr,"[160, 170)",17.349726775956285
2020,fr,"[170, 180)",20.491803278688526
2020,fr,"[180, 190)",20.437158469945356
2020,fr,"[190, 200)",20.81967213114754
2020,gb,"[0, 10)",2.7625986642380083
2020,gb,"[10, 20)",3.606557377049181
2020,gb,"[20, 30)",4.1256830601092895
2020,gb,"[30, 40)",5.355191256830602
2020,gb,"[40, 50)",8.087431693989071
2020,gb,"[50, 60)",8.743169398907105
2020,gb,"[60, 70)",11.147540983606557
2020,gb,"[70, 80)",13.25136612021858
2020,gb,"[80, 90)",14.289617486338798
2020,gb,"[90, 100)",15.355191256830599
2020,gb,"[100, 110)",15.191256830601093
2020,gb,"[110, 120)",15.109289617486338
2020,gb,"[120, 130)",13.278688524590162
2020,gb,"[130, 140)",14.754098360655737
2020,gb,"[140, 150)",13.661202185792352
2020,gb,"[150, 160)",16.038251366120218
2020,gb,"[160, 170)",15.273224043715846
2020,gb,"[170, 180)",16.366120218579237
2020,gb,"[180, 190)",18.333333333333332
2020,gb,"[190, 200)",19.12568306010929
2020,it,"[0, 10)",11.202185792349727
2020,it,"[10, 20)",12.185792349726777
2020,it,"[20, 30)",16.065573770491802
2020,it,"[30, 40)",10.710382513661203
2020,it,"[40, 50)",11.120218579234972
2020,it,"[50, 60)",13.60655737704918
2020,it,"[60, 70)",12.73224043715847
2020,it,"[70, 80)",12.896174863387976
2020,it,"[80, 90)",14.289617486338798
2020,it,"[90, 100)",15.92896174863388
2020,it,"[100, 110)",13.25136612021858
2020,it,"[110, 120)",13.743169398907105
2020,it,"[120, 130)",12.240437158469945
2020,it,"[130, 140)",14.754098360655737
2020,it,"[140, 150)",15.163934426229508
2020,it,"[150, 160)",16.39344262295082
2020,it,"[160, 170)",17.076502732240435
2020,it,"[170, 180)",17.37704918032787
2020,it,"[180, 190)",17.97814207650273
2020,it,"[190, 200)",16.939890710382514
2020,jp,"[0, 10)",2.428658166363084
2020,jp,"[10, 20)",3.6885245901639343
2020,jp,"[20, 30)",6.202185792349726
2020,jp,"[30, 40)",10.05464480874317
2020,jp,"[40, 50)",10.081967213114753
2020,jp,"[50, 60)",10.51912568306011
2020,jp,"[60, 70)",12.404371584699453
2020,jp,"[70, 80)",17.158469945355193
2020,jp,"[80, 90)",13.797814207650273
2020,jp,"[90, 100)",13.005464480874318
2020,jp,"[100, 110)",10.92896174863388
2020,jp,"[110, 120)",10.792349726775956
2020,jp,"[120, 130)",10.846994535519126
2020,jp,"[130, 140)",10.273224043715846
2020,jp,"[140, 150)",10.05464480874317
2020,jp,"[150, 160)",9.726775956284154
2020,jp,"[160, 170)",11.39344262295082
2020,jp,"[170, 180)",10.792349726775956
2020,jp,"[180, 190)",10.327868852459018
2020,jp,"[190, 200)",11.693989071038251
2020,no,"[0, 10)",2.0036429872495445
2020,no,"[10, 20)",6.530054644808743
2020,no,"[20, 30)",5.956284153005464
2020,no,"[30, 40)",6.584699453551912
2020,no,"[40, 50)",6.994535519125683
2020,no,"[50, 60)",10.191256830601093
2020,no,"[60, 70)",11.39344262295082
2020,no,"[70, 80)",11.065573770491802
2020,no,"[80, 90)",13.005464480874318
2020,no,"[90, 100)",13.387978142076504
2020,no,"[100, 110)",15.683060109289618
2020,no,"[110, 120)",14.863387978142075
2020,no,"[120, 130)",18.360655737704917
2020,no,"[130, 140)",17.240437158469945
2020,no,"[140, 150)",18.879781420765028
2020,no,"[150, 160)",19.53551912568306
2020,no,"[160, 170)",20.0
2020,no,"[170, 180)",20.62841530054645
2020,no,"[180, 190)",21.74863387978142
2020,no,"[190, 200)",21.311475409836063
2020,pl,"[0, 10)",7.073466909532483
2020,pl,"[10, 20)",4.480874316939891
2020,pl,"[20, 30)",6.174863387978142
2020,pl,"[30, 40)",6.174863387978142
2020,pl,"[40, 50)",7.4863387978142075
2020,pl,"[50, 60)",10.901639344262296
2020,pl,"[60, 70)",11.39344262295082
2020,pl,"[70, 80)",12.650273224043715
2020,pl,"[80, 90)",13.032786885245901
2020,pl,"[90, 100)",12.650273224043715
2020,pl,"[100, 110)",15.46448087431694
2020,pl,"[110, 120)",14.918032786885247
2020,pl,"[120, 130)",14.098360655737704
2020,pl,"[130, 140)",15.846994535519126
2020,pl,"[140, 150)",15.983606557377051
2020,pl,"[150, 160)",17.21311475409836
2020,pl,"[160, 170)",19.12568306010929
2020,pl,"[170, 180)",16.666666666666664
2020,pl,"[180, 190)",15.683060109289618
2020,pl,"[190, 200)",18.30601092896175
2020,us,"[0, 10)",2.2768670309653913
2020,us,"[10, 20)",5.901639344262295
2020,us,"[20, 30)",7.049180327868852
2020,us,"[30, 40)",7.5683060109289615
2020,us,"[40, 50)",8.278688524590164
2020,us,"[50, 60)",9.535519125683061
2020,us,"[60, 70)",10.464480874316939
2020,us,"[70, 80)",11.557377049180328
2020,us,"[80, 90)",12.103825136612022
2020,us,"[90, 100)",13.415300546448087
2020,us,"[100, 110)",11.912568306010929
2020,us,"[110, 120)",12.431693989071038
2020,us,"[120, 130)",14.6448087431694
2020,us,"[130, 140)",15.792349726775956
2020,us,"[140, 150)",15.792349726775956
2020,us,"[150, 160)",18.060109289617486
2020,us,"[160, 170)",19.071038251366122
2020,us,"[170, 180)",21.530054644808743
2020,us,"[180, 190)",23.469945355191257
2020,us,"[190, 200)",24.83606557377049
2021,be,"[0, 10)",2.9754601226993866
2021,be,"[10, 20)",2.1448467966573816
2021,be,"[20, 30)",4.233983286908078
2021,be,"[30, 40)",7.715877437325905
2021,be,"[40, 50)",8.913649025069638
2021,be,"[50, 60)",8.217270194986073
2021,be,"[60, 70)",8.412256267409472
2021,be,"[70, 80)",7.548746518105849
2021,be,"[80, 90)",7.632311977715878
2021,be,"[90, 100)",7.7994428969359335
2021,be,"[100, 110)",9.442896935933149
2021,be,"[110, 120)",11.309192200557103
2021,be,"[120, 130)",11.448467966573816
2021,be,"[130, 140)",12.395543175487465
2021,be,"[140, 150)",12.144846796657381
2021,be,"[150, 160)",13.370473537604457
2021,be,"[160, 170)",14.428969359331475
2021,be,"[170, 180)",16.100278551532032
2021,be,"[180, 190)",15.988857938718661
2021,be,"[190, 200)",16.07242339832869
2021,ch,"[0, 10)",0.12266176019625882
2021,ch,"[10, 20)",0.9722222222222222
2021,ch,"[20, 30)",1.5
2021,ch,"[30, 40)",1.5555555555555556
2021,ch,"[40, 50)",2.166666666666667
2021,ch,"[50, 60)",2.888888888888889
2021,ch,"[60, 70)",3.888888888888889
2021,ch,"[70, 80)",4.833333333333333
2021,ch,"[80, 90)",5.916666666666667
2021,ch,"[90, 100)",6.277777777777778
2021,ch,"[100, 110)",8.36111111111111
2021,ch,"[110, 120)",7.388888888888889
2021,ch,"[120, 130)",7.944444444444445
2021,ch,"[130, 140)",8.86111111111111
2021,ch,"[140, 150)",7.777777777777778
2021,ch,"[150, 160)",8.472222222222223
2021,ch,"[160, 170)",8.805555555555555
2021,ch,"[170, 180)",9.75
2021,ch,"[180, 190)",9.527777777777779
2021,ch,"[190, 200)",10.444444444444445
2021,de,"[0, 10)",0.9199632014719411
2021,de,"[10, 20)",1.3055555555555556
2021,de,"[20, 30)",1.2222222222222223
2021,de,"[30, 40)",1.0555555555555556
2021,de,"[40, 50)",1.6944444444444446
2021,de,"[50, 60)",3.75
2021,de,"[60, 70)",4.361111111111112
2021,de,"[70, 80)",4.472222222222221
2021,de,"[80, 90)",6.111111111111111
2021,de,"[90, 100)",8.88888888888889
2021,de,"[100, 110)",9.13888888888889
2021,de,"[110, 120)",7.249999999999999
2021,de,"[120, 130)",8.055555555555555
2021,de,"[130, 140)",8.75
2021,de,"[140, 150)",10.277777777777777
2021,de,"[150, 160)",9.0
2021,de,"[160, 170)",10.305555555555555
2021,de,"[170, 180)",11.805555555555555
2021,de,"[180, 190)",12.833333333333332
2021,de,"[190, 200)",13.527777777777777
2021,dk,"[0, 10)",1.7220172201722017
2021,dk,"[10, 20)",3.1754874651810585
2021,dk,"[20, 30)",3.8997214484679668
2021,dk,"[30, 40)",5.2924791086350975
2021,dk,"[40, 50)",4.540389972144847
2021,dk,"[50, 60)",6.740947075208914
2021,dk,"[60, 70)",6.657381615598886
2021,dk,"[70, 80)",8.83008356545961
2021,dk,"[80, 90)",10.947075208913649
2021,dk,"[90, 100)",12.116991643454039
2021,dk,"[100, 110)",11.866295264623956
2021,dk,"[110, 120)",12.924791086350975
2021,dk,"[120, 130)",13.565459610027855
2021,dk,"[130, 140)",15.710306406685238
2021,dk,"[140, 150)",14.261838440111422
2021,dk,"[150, 160)",15.905292479108635
2021,dk,"[160, 170)",16.183844011142064
2021,dk,"[170, 180)",16.434540389972145
2021,dk,"[180, 190)",17.96657381615599
2021,dk,"[190, 200)",16.295264623955433
2021,es,"[0, 10)",0.2758197977321483
2021,es,"[10, 20)",1.1634349030470914
2021,es,"[20, 30)",2.1052631578947367
2021,es,"[30, 40)",2.21606648199446
2021,es,"[40, 50)",4.6814404432132966
2021,es,"[50, 60)",4.7091412742382275
2021,es,"[60, 70)",4.958448753462604
2021,es,"[70, 80)",5.096952908587258
2021,es,"[80, 90)",5.346260387811634
2021,es,"[90, 100)",7.5623268698060935
2021,es,"[100, 110)",8.365650969529085
2021,es,"[110, 120)",10.77562326869806
2021,es,"[120, 130)",10.80332409972299
2021,es,"[130, 140)",11.606648199445983
2021,es,"[140, 150)",13.434903047091412
2021,es,"[150, 160)",13.407202216066484
2021,es,"[160, 170)",15.20775623268698
2021,es,"[170, 180)",14.903047091412741
2021,es,"[180, 190)",17.36842105263158
2021,es,"[190, 200)",16.23268698060942
2021,fr,"[0, 10)",1.0732904017172646
2021,fr,"[10, 20)",1.4166666666666665
2021,fr,"[20, 30)",1.4166666666666665
2021,fr,"[30, 40)",3.5000000000000004
2021,fr,"[40, 50)",5.222222222222222
2021,fr,"[50, 60)",6.638888888888888
2021,fr,"[60, 70)",7.722222222222222
2021,fr,"[70, 80)",8.277777777777779
2021,fr,"[80, 90)",10.38888888888889
2021,fr,"[90, 100)",14.13888888888889
2021,fr,"[100, 110)",14.11111111111111
2021,fr,"[110, 120)",14.63888888888889
2021,fr,"[120, 130)",14.38888888888889
2021,fr,"[130, 140)",12.583333333333332
2021,fr,"[140, 150)",13.111111111111112
2021,fr,"[150, 160)",14.305555555555555
2021,fr,"[160, 170)",13.472222222222221
2021,fr,"[170, 180)",11.916666666666668
2021,fr,"[180, 190)",13.777777777777779
2021,fr,"[190, 200)",14.499999999999998
2021,gb,"[0, 10)",1.5067650676506765
2021,gb,"[10, 20)",3.7604456824512535
2021,gb,"[20, 30)",4.233983286908078
2021,gb,"[30, 40)",3.6768802228412256
2021,gb,"[40, 50)",3.871866295264624
2021,gb,"[50, 60)",4.289693593314763
2021,gb,"[60, 70)",4.596100278551532
2021,gb,"[70, 80)",5.682451253481894
2021,gb,"[80, 90)",6.685236768802229
2021,gb,"[90, 100)",10.027855153203342
2021,gb,"[100, 110)",10.947075208913649
2021,gb,"[110, 120)",11.782729805013927
2021,gb,"[120, 130)",11.309192200557103
2021,gb,"[130, 140)",13.008356545961004
2021,gb,"[140, 150)",14.45682451253482
2021,gb,"[150, 160)",16.71309192200557
2021,gb,"[160, 170)",16.183844011142064
2021,gb,"[170, 180)",18.774373259052926
2021,gb,"[180, 190)",17.68802228412256
2021,gb,"[190, 200)",18.384401114206128
2021,it,"[0, 10)",5.7615691081826546
2021,it,"[10, 20)",4.875346260387812
2021,it,"[20, 30)",5.484764542936288
2021,it,"[30, 40)",5.56786703601108
2021,it,"[40, 50)",7.229916897506926
2021,it,"[50, 60)",6.869806094182826
2021,it,"[60, 70)",8.14404432132964
2021,it,"[70, 80)",8.53185595567867
2021,it,"[80, 90)",7.977839335180055
2021,it,"[90, 100)",9.19667590027701
2021,it,"[100, 110)",9.61218836565097
2021,it,"[110, 120)",11.551246537396121
2021,it,"[120, 130)",12.354570637119114
2021,it,"[130, 140)",13.185595567867036
2021,it,"[140, 150)",12.465373961218837
2021,it,"[150, 160)",12.409972299168976
2021,it,"[160, 170)",12.60387811634349
2021,it,"[170, 180)",12.132963988919668
2021,it,"[180, 190)",10.969529085872576
2021,it,"[190, 200)",13.019390581717452
2021,jp,"[0, 10)",2.45474071801166
2021,jp,"[10, 20)",3.955431754874652
2021,jp,"[20, 30)",4.874651810584958
2021,jp,"[30, 40)",6.4345403899721445
2021,jp,"[40, 50)",7.493036211699164
2021,jp,"[50, 60)",7.88300835654596
2021,jp,"[60, 70)",9.55431754874652
2021,jp,"[70, 80)",11.309192200557103
2021,jp,"[80, 90)",8.71866295264624
2021,jp,"[90, 100)",7.381615598885793
2021,jp,"[100, 110)",8.105849582172702
2021,jp,"[110, 120)",6.378830083565459
2021,jp,"[120, 130)",8.551532033426183
2021,jp,"[130, 140)",9.13649025069638
2021,jp,"[140, 150)",9.35933147632312
2021,jp,"[150, 160)",8.71866295264624
2021,jp,"[160, 170)",8.802228412256268
2021,jp,"[170, 180)",10.083565459610028
2021,jp,"[180, 190)",10.222841225626741
2021,jp,"[190, 200)",9.108635097493037
2021,no,"[0, 10)",0.5838967424708051
2021,no,"[10, 20)",0.9444444444444444
2021,no,"[20, 30)",2.388888888888889
2021,no,"[30, 40)",2.6944444444444446
2021,no,"[40, 50)",3.3888888888888893
2021,no,"[50, 60)",5.388888888888889
2021,no,"[60, 70)",6.611111111111111
2021,no,"[70, 80)",7.333333333333333
2021,no,"[80, 90)",9.25
2021,no,"[90, 100)",9.63888888888889
2021,no,"[100, 110)",10.833333333333334
2021,no,"[110, 120)",12.694444444444445
2021,no,"[120, 130)",12.38888888888889
2021,no,"[130, 140)",12.36111111111111
2021,no,"[140, 150)",12.305555555555555
2021,no,"[150, 160)",13.750000000000002
2021,no,"[160, 170)",13.555555555555557
2021,no,"[170, 180)",15.027777777777779
2021,no,"[180, 190)",15.277777777777779
2021,no,"[190, 200)",16.72222222222222
2021,pl,"[0, 10)",0.6144393241167435
2021,pl,"[10, 20)",0.33333333333333337
2021,pl,"[20, 30)",1.1111111111111112
2021,pl,"[30, 40)",2.611111111111111
2021,pl,"[40, 50)",3.6666666666666665
2021,pl,"[50, 60)",4.444444444444445
2021,pl,"[60, 70)",6.388888888888888
2021,pl,"[70, 80)",6.944444444444445
2021,pl,"[80, 90)",8.694444444444445
2021,pl,"[90, 100)",11.472222222222223
2021,pl,"[100, 110)",15.833333333333332
2021,pl,"[110, 120)",15.0
2021,pl,"[120, 130)",16.194444444444443
2021,pl,"[130, 140)",16.97222222222222
2021,pl,"[140, 150)",15.638888888888888
2021,pl,"[150, 160)",15.388888888888888
2021,pl,"[160, 170)",16.305555555555557
2021,pl,"[170, 180)",15.11111111111111
2021,pl,"[180, 190)",16.77777777777778
2021,pl,"[190, 200)",14.527777777777779
2021,us,"[0, 10)",1.4153846153846155
2021,us,"[10, 20)",1.8156424581005588
2021,us,"[20, 30)",2.988826815642458
2021,us,"[30, 40)",6.5083798882681565
2021,us,"[40, 50)",4.162011173184357
2021,us,"[50, 60)",3.8547486033519553
2021,us,"[60, 70)",4.217877094972067
2021,us,"[70, 80)",5.949720670391061
2021,us,"[80, 90)",8.40782122905028
2021,us,"[90, 100)",11.59217877094972
2021,us,"[100, 110)",10.195530726256983
2021,us,"[110, 120)",11.508379888268157
2021,us,"[120, 130)",9.916201117318437
2021,us,"[130, 140)",9.385474860335195
2021,us,"[140, 150)",10.307262569832403
2021,us,"[150, 160)",11.927374301675977
2021,us,"[160, 170)",13.268156424581006
2021,us,"[170, 180)",14.88826815642458
2021,us,"[180, 190)",13.994413407821229
2021,us,"[190, 200)",15.055865921787708
2022,be,"[0, 10)",2.247191011235955
2022,be,"[10, 20)",0.8146067415730337
2022,be,"[20, 30)",2.0786516853932584
2022,be,"[30, 40)",1.8820224719101122
2022,be,"[40, 50)",2.0786516853932584
2022,be,"[50, 60)",2.8089887640449436
2022,be,"[60, 70)",3.5674157303370784
2022,be,"[70, 80)",3.314606741573034
2022,be,"[80, 90)",3.3988764044943816
2022,be,"[90, 100)",4.073033707865169
2022,be,"[100, 110)",4.719101123595506
2022,be,"[110, 120)",5.50561797752809
2022,be,"[120, 130)",6.8258426966292145
2022,be,"[130, 140)",7.528089887640449
2022,be,"[140, 150)",8.398876404494382
2022,be,"[150, 160)",9.662921348314606
2022,be,"[160, 170)",10.926966292134832
2022,be,"[170, 180)",11.48876404494382
2022,be,"[180, 190)",9.775280898876403
2022,be,"[190, 200)",10.814606741573034
2022,ch,"[0, 10)",0.0
2022,ch,"[10, 20)",0.19662921348314608
2022,ch,"[20, 30)",0.7022471910112359
2022,ch,"[30, 40)",0.7303370786516854
2022,ch,"[40, 50)",0.9831460674157303
2022,ch,"[50, 60)",1.2359550561797752
2022,ch,"[60, 70)",1.9943820224719102
2022,ch,"[70, 80)",1.853932584269663
2022,ch,"[80, 90)",2.841068917018284
2022,ch,"[90, 100)",3.211267605633803
2022,ch,"[100, 110)",4.366197183098591
2022,ch,"[110, 120)",4.929577464788732
2022,ch,"[120, 130)",5.098591549295774
2022,ch,"[130, 140)",5.464788732394366
2022,ch,"[140, 150)",6.591549295774649
2022,ch,"[150, 160)",5.859154929577465
2022,ch,"[160, 170)",6.422535211267606
2022,ch,"[170, 180)",5.830985915492957
2022,ch,"[180, 190)",7.112616426756986
2022,ch,"[190, 200)",7.824858757062147
2022,de,"[0, 10)",0.0
2022,de,"[10, 20)",0.5617977528089888
2022,de,"[20, 30)",0.9269662921348315
2022,de,"[30, 40)",2.359550561797753
2022,de,"[40, 50)",2.2191011235955056
2022,de,"[50, 60)",2.528089887640449
2022,de,"[60, 70)",3.061797752808989
2022,de,"[70, 80)",2.2191011235955056
2022,de,"[80, 90)",2.359550561797753
2022,de,"[90, 100)",2.556179775280899
2022,de,"[100, 110)",3.904494382022472
2022,de,"[110, 120)",5.421348314606742
2022,de,"[120, 130)",6.264044943820226
2022,de,"[130, 140)",6.292134831460674
2022,de,"[140, 150)",7.162921348314606
2022,de,"[150, 160)",8.707865168539326
2022,de,"[160, 170)",9.662921348314606
2022,de,"[170, 180)",9.97191011235955
2022,de,"[180, 190)",10.140449438202246
2022,de,"[190, 200)",9.185393258426966
2022,dk,"[0, 10)",0.4057428214731586
2022,dk,"[10, 20)",1.292134831460674
2022,dk,"[20, 30)",3.033707865168539
2022,dk,"[30, 40)",3.089887640449438
2022,dk,"[40, 50)",3.735955056179775
2022,dk,"[50, 60)",4.578651685393258
2022,dk,"[60, 70)",4.353932584269663
2022,dk,"[70, 80)",5.056179775280898
2022,dk,"[80, 90)",5.758426966292135
2022,dk,"[90, 100)",5.477528089887641
2022,dk,"[100, 110)",7.02247191011236
2022,dk,"[110, 120)",7.977528089887641
2022,dk,"[120, 130)",9.101123595505618
2022,dk,"[130, 140)",10.674157303370785
2022,dk,"[140, 150)",12.275280898876405
2022,dk,"[150, 160)",11.601123595505618
2022,dk,"[160, 170)",13.426966292134832
2022,dk,"[170, 180)",13.707865168539326
2022,dk,"[180, 190)",14.57865168539326
2022,dk,"[190, 200)",13.707865168539326
2022,es,"[0, 10)",2.5978090766823163
2022,es,"[10, 20)",3.211267605633803
2022,es,"[20, 30)",2.450704225352113
2022,es,"[30, 40)",1.0985915492957747
2022,es,"[40, 50)",2.535211267605634
2022,es,"[50, 60)",2.9577464788732395
2022,es,"[60, 70)",2.3098591549295775
2022,es,"[70, 80)",2.845070422535211
2022,es,"[80, 90)",3.070422535211268
2022,es,"[90, 100)",3.830985915492958
2022,es,"[100, 110)",6.0
2022,es,"[110, 120)",7.549295774647888
2022,es,"[120, 130)",8.507042253521128
2022,es,"[130, 140)",8.76056338028169
2022,es,"[140, 150)",8.422535211267606
2022,es,"[150, 160)",9.52112676056338
2022,es,"[160, 170)",9.943661971830986
2022,es,"[170, 180)",10.47887323943662
2022,es,"[180, 190)",9.380281690140844
2022,es,"[190, 200)",9.661971830985916
2022,fr,"[0, 10)",0.5320813771517997
2022,fr,"[10, 20)",0.9295774647887324
2022,fr,"[20, 30)",1.6901408450704223
2022,fr,"[30, 40)",3.183098591549296
2022,fr,"[40, 50)",2.732394366197183
2022,fr,"[50, 60)",2.422535211267606
2022,fr,"[60, 70)",3.4366197183098595
2022,fr,"[70, 80)",6.918949449308105
2022,fr,"[80, 90)",8.531073446327683
2022,fr,"[90, 100)",10.254237288135592
2022,fr,"[100, 110)",10.847457627118644
2022,fr,"[110, 120)",10.084745762711865
2022,fr,"[120, 130)",8.559322033898304
2022,fr,"[130, 140)",8.220338983050848
2022,fr,"[140, 150)",8.418079096045197
2022,fr,"[150, 160)",9.350282485875706
2022,fr,"[160, 170)",7.909604519774012
2022,fr,"[170, 180)",7.401129943502825
2022,fr,"[180, 190)",7.005649717514125
2022,fr,"[190, 200)",6.9491525423728815
2022,gb,"[0, 10)",1.0641627543035994
2022,gb,"[10, 20)",3.7183098591549295
2022,gb,"[20, 30)",3.0985915492957745
2022,gb,"[30, 40)",2.1690140845070425
2022,gb,"[40, 50)",1.4084507042253522
2022,gb,"[50, 60)",1.4929577464788732
2022,gb,"[60, 70)",1.4647887323943662
2022,gb,"[70, 80)",2.225352112676056
2022,gb,"[80, 90)",3.492957746478873
2022,gb,"[90, 100)",4.422535211267606
2022,gb,"[100, 110)",6.28169014084507
2022,gb,"[110, 120)",9.211267605633802
2022,gb,"[120, 130)",11.661971830985914
2022,gb,"[130, 140)",11.830985915492958
2022,gb,"[140, 150)",11.859154929577464
2022,gb,"[150, 160)",11.183098591549296
2022,gb,"[160, 170)",10.08450704225352
2022,gb,"[170, 180)",10.56338028169014
2022,gb,"[180, 190)",11.605633802816902
2022,gb,"[190, 200)",10.985915492957748
2022,it,"[0, 10)",1.3458528951486697
2022,it,"[10, 20)",1.352112676056338
2022,it,"[20, 30)",5.098591549295774
2022,it,"[30, 40)",6.084507042253521
2022,it,"[40, 50)",5.295774647887324
2022,it,"[50, 60)",5.183098591549296
2022,it,"[60, 70)",4.28169014084507
2022,it,"[70, 80)",3.492957746478873
2022,it,"[80, 90)",3.2394366197183095
2022,it,"[90, 100)",4.676056338028169
2022,it,"[100, 110)",5.577464788732395
2022,it,"[110, 120)",6.816901408450704
2022,it,"[120, 130)",9.070422535211268
2022,it,"[130, 140)",9.211267605633802
2022,it,"[140, 150)",8.225352112676056
2022,it,"[150, 160)",7.830985915492958
2022,it,"[160, 170)",7.014084507042254
2022,it,"[170, 180)",7.183098591549296
2022,it,"[180, 190)",7.521126760563381
2022,it,"[190, 200)",7.971830985915493
2022,jp,"[0, 10)",4.381846635367762
2022,jp,"[10, 20)",2.563380281690141
2022,jp,"[20, 30)",3.8873239436619715
2022,jp,"[30, 40)",2.7887323943661975
2022,jp,"[40, 50)",1.971830985915493
2022,jp,"[50, 60)",3.0140845070422535
2022,jp,"[60, 70)",4.591549295774648
2022,jp,"[70, 80)",5.661971830985915
2022,jp,"[80, 90)",6.309859154929577
2022,jp,"[90, 100)",7.239436619718311
2022,jp,"[100, 110)",5.845806269415419
2022,jp,"[110, 120)",5.903954802259888
2022,jp,"[120, 130)",5.2824858757062145
2022,jp,"[130, 140)",3.8700564971751414
2022,jp,"[140, 150)",4.209039548022599
2022,jp,"[150, 160)",4.576271186440678
2022,jp,"[160, 170)",5.96045197740113
2022,jp,"[170, 180)",5.395480225988701
2022,jp,"[180, 190)",6.242937853107345
2022,jp,"[190, 200)",5.621468926553672
2022,no,"[0, 10)",0.18726591760299627
2022,no,"[10, 20)",0.2808988764044944
2022,no,"[20, 30)",0.7303370786516854
2022,no,"[30, 40)",1.9943820224719102
2022,no,"[40, 50)",1.4044943820224718
2022,no,"[50, 60)",1.6011235955056178
2022,no,"[60, 70)",2.2191011235955056
2022,no,"[70, 80)",3.8202247191011236
2022,no,"[80, 90)",5.786516853932584
2022,no,"[90, 100)",6.348314606741573
2022,no,"[100, 110)",6.629213483146068
2022,no,"[110, 120)",7.191011235955057
2022,no,"[120, 130)",8.342696629213483
2022,no,"[130, 140)",8.932584269662922
2022,no,"[140, 150)",9.550561797752808
2022,no,"[150, 160)",10.224719101123595
2022,no,"[160, 170)",10.646067415730338
2022,no,"[170, 180)",10.870786516853933
2022,no,"[180, 190)",12.528089887640451
2022,no,"[190, 200)",13.567415730337078
2022,pl,"[0, 10)",0.0
2022,pl,"[10, 20)",0.39436619718309857
2022,pl,"[20, 30)",1.0422535211267605
2022,pl,"[30, 40)",1.436619718309859
2022,pl,"[40, 50)",3.2394366197183095
2022,pl,"[50, 60)",4.0
2022,pl,"[60, 70)",3.971830985915493
2022,pl,"[70, 80)",6.450704225352112
2022,pl,"[80, 90)",5.549295774647887
2022,pl,"[90, 100)",6.957746478873239
2022,pl,"[100, 110)",9.661971830985916
2022,pl,"[110, 120)",10.0
2022,pl,"[120, 130)",12.169014084507042
2022,pl,"[130, 140)",13.971830985915492
2022,pl,"[140, 150)",12.338028169014084
2022,pl,"[150, 160)",14.084507042253522
2022,pl,"[160, 170)",13.661971830985916
2022,pl,"[170, 180)",13.239436619718308
2022,pl,"[180, 190)",10.450704225352112
2022,pl,"[190, 200)",12.112676056338028
2022,us,"[0, 10)",0.5276225946617008
2022,us,"[10, 20)",0.5865921787709497
2022,us,"[20, 30)",1.0614525139664803
2022,us,"[30, 40)",1.005586592178771
2022,us,"[40, 50)",1.899441340782123
2022,us,"[50, 60)",2.5139664804469275
2022,us,"[60, 70)",2.988826815642458
2022,us,"[70, 80)",3.826815642458101
2022,us,"[80, 90)",3.7150837988826817
2022,us,"[90, 100)",2.8770949720670393
2022,us,"[100, 110)",4.060487258471016
2022,us,"[110, 120)",7.450980392156863
2022,us,"[120, 130)",9.691876750700281
2022,us,"[130, 140)",11.288515406162466
2022,us,"[140, 150)",11.5406162464986
2022,us,"[150, 160)",12.296918767507002
2022,us,"[160, 170)",11.65266106442577
2022,us,"[170, 180)",10.700280112044817
2022,us,"[180, 190)",11.820728291316525
2022,us,"[190, 200)",10.672268907563025
2023,be,"[0, 10)",0.0
2023,be,"[10, 20)",0.08219178082191782
2023,be,"[20, 30)",0.0547945205479452
2023,be,"[30, 40)",0.6027397260273972
2023,be,"[40, 50)",1.2602739726027399
2023,be,"[50, 60)",1.7808219178082192
2023,be,"[60, 70)",2.0
2023,be,"[70, 80)",2.3835616438356166
2023,be,"[80, 90)",2.191780821917808
2023,be,"[90, 100)",1.452054794520548
2023,be,"[100, 110)",1.6712328767123288
2023,be,"[110, 120)",0.9863013698630136
2023,be,"[120, 130)",0.9863013698630136
2023,be,"[130, 140)",1.315068493150685
2023,be,"[140, 150)",1.5068493150684932
2023,be,"[150, 160)",2.4383561643835616
2023,be,"[160, 170)",2.8767123287671232
2023,be,"[170, 180)",2.8767123287671232
2023,be,"[180, 190)",3.0136986301369864
2023,be,"[190, 200)",3.7129398725408698
2023,ch,"[0, 10)",0.0
2023,ch,"[10, 20)",0.110803324099723
2023,ch,"[20, 30)",0.221606648199446
2023,ch,"[30, 40)",0.2770083102493075
2023,ch,"[40, 50)",0.41551246537396125
2023,ch,"[50, 60)",1.3573407202216066
2023,ch,"[60, 70)",1.218836565096953
2023,ch,"[70, 80)",1.1357340720221607
2023,ch,"[80, 90)",1.4681440443213296
2023,ch,"[90, 100)",2.0221606648199444
2023,ch,"[100, 110)",2.437673130193906
2023,ch,"[110, 120)",2.0498614958448753
2023,ch,"[120, 130)",2.548476454293629
2023,ch,"[130, 140)",2.326869806094183
2023,ch,"[140, 150)",1.6066481994459834
2023,ch,"[150, 160)",1.440443213296399
2023,ch,"[160, 170)",1.8282548476454294
2023,ch,"[170, 180)",1.2465373961218837
2023,ch,"[180, 190)",1.551246537396122
2023,ch,"[190, 200)",1.418242491657397
2023,de,"[0, 10)",0.12176560121765602
2023,de,"[10, 20)",0.7671232876712328
2023,de,"[20, 30)",1.7260273972602742
2023,de,"[30, 40)",2.4383561643835616
2023,de,"[40, 50)",2.054794520547945
2023,de,"[50, 60)",1.0136986301369864
2023,de,"[60, 70)",1.0136986301369864
2023,de,"[70, 80)",1.5616438356164384
2023,de,"[80, 90)",2.1643835616438354
2023,de,"[90, 100)",2.684931506849315
2023,de,"[100, 110)",2.410958904109589
2023,de,"[110, 120)",2.1095890410958904
2023,de,"[120, 130)",2.0273972602739727
2023,de,"[130, 140)",3.3698630136986303
2023,de,"[140, 150)",2.9315068493150687
2023,de,"[150, 160)",2.8493150684931505
2023,de,"[160, 170)",2.712328767123288
2023,de,"[170, 180)",2.9315068493150687
2023,de,"[180, 190)",2.5753424657534247
2023,de,"[190, 200)",3.5155177149134853
2023,dk,"[0, 10)",0.09157509157509157
2023,dk,"[10, 20)",0.21978021978021978
2023,dk,"[20, 30)",0.6868131868131868
2023,dk,"[30, 40)",1.0164835164835164
2023,dk,"[40, 50)",0.8791208791208791
2023,dk,"[50, 60)",0.49450549450549447
2023,dk,"[60, 70)",0.8791208791208791
2023,dk,"[70, 80)",0.9615384615384616
2023,dk,"[80, 90)",1.3736263736263736
2023,dk,"[90, 100)",1.8681318681318682
2023,dk,"[100, 110)",1.5384615384615385
2023,dk,"[110, 120)",2.28021978021978
2023,dk,"[120, 130)",3.076923076923077
2023,dk,"[130, 140)",3.2417582417582422
2023,dk,"[140, 150)",4.010989010989011
2023,dk,"[150, 160)",4.175824175824175
2023,dk,"[160, 170)",4.148351648351648
2023,dk,"[170, 180)",4.093406593406593
2023,dk,"[180, 190)",4.807692307692308
2023,dk,"[190, 200)",5.987858719646799
2023,es,"[0, 10)",1.187214611872146
2023,es,"[10, 20)",1.0410958904109588
2023,es,"[20, 30)",1.0136986301369864
2023,es,"[30, 40)",0.8493150684931507
2023,es,"[40, 50)",1.4246575342465753
2023,es,"[50, 60)",1.178082191780822
2023,es,"[60, 70)",1.5068493150684932
2023,es,"[70, 80)",1.8630136986301369
2023,es,"[80, 90)",1.5068493150684932
2023,es,"[90, 100)",2.356164383561644
2023,es,"[100, 110)",2.684931506849315
2023,es,"[110, 120)",3.5616438356164384
2023,es,"[120, 130)",3.753424657534247
2023,es,"[130, 140)",3.095890410958904
2023,es,"[140, 150)",2.73972602739726
2023,es,"[150, 160)",2.246575342465753
2023,es,"[160, 170)",3.0410958904109586
2023,es,"[170, 180)",3.287671232876712
2023,es,"[180, 190)",3.890410958904109
2023,es,"[190, 200)",4.230989136649514
2023,fr,"[0, 10)",0.0
2023,fr,"[10, 20)",0.16438356164383564
2023,fr,"[20, 30)",0.6027397260273972
2023,fr,"[30, 40)",0.273972602739726
2023,fr,"[40, 50)",0.6027397260273972
2023,fr,"[50, 60)",0.821917808219178
2023,fr,"[60, 70)",1.1232876712328765
2023,fr,"[70, 80)",1.6164383561643836
2023,fr,"[80, 90)",3.534246575342466
2023,fr,"[90, 100)",5.287671232876712
2023,fr,"[100, 110)",3.863013698630137
2023,fr,"[110, 120)",2.493150684931507
2023,fr,"[120, 130)",1.6164383561643836
2023,fr,"[130, 140)",1.9452054794520546
2023,fr,"[140, 150)",1.8630136986301369
2023,fr,"[150, 160)",1.8722466960352422
2023,fr,"[160, 170)",1.7355371900826446
2023,fr,"[170, 180)",1.9283746556473829
2023,fr,"[180, 190)",1.790633608815427
2023,fr,"[190, 200)",2.179310344827586
2023,gb,"[0, 10)",1.9178082191780823
2023,gb,"[10, 20)",1.3424657534246576
2023,gb,"[20, 30)",1.7260273972602742
2023,gb,"[30, 40)",0.7123287671232876
2023,gb,"[40, 50)",0.5753424657534246
2023,gb,"[50, 60)",0.904109589041096
2023,gb,"[60, 70)",1.643835616438356
2023,gb,"[70, 80)",2.6575342465753424
2023,gb,"[80, 90)",3.9726027397260277
2023,gb,"[90, 100)",4.0
2023,gb,"[100, 110)",3.506849315068493
2023,gb,"[110, 120)",4.054794520547945
2023,gb,"[120, 130)",3.7260273972602738
2023,gb,"[130, 140)",4.63013698630137
2023,gb,"[140, 150)",4.0
2023,gb,"[150, 160)",3.1506849315068495
2023,gb,"[160, 170)",4.082191780821918
2023,gb,"[170, 180)",5.095890410958904
2023,gb,"[180, 190)",5.397260273972602
2023,gb,"[190, 200)",6.174533479692645
2023,it,"[0, 10)",0.091324200913242
2023,it,"[10, 20)",0.0
2023,it,"[20, 30)",0.6301369863013699
2023,it,"[30, 40)",1.3424657534246576
2023,it,"[40, 50)",0.9589041095890412
2023,it,"[50, 60)",0.904109589041096
2023,it,"[60, 70)",0.821917808219178
2023,it,"[70, 80)",0.6027397260273972
2023,it,"[80, 90)",0.8493150684931507
2023,it,"[90, 100)",0.7397260273972602
2023,it,"[100, 110)",1.36986301369863
2023,it,"[110, 120)",2.547945205479452
2023,it,"[120, 130)",3.506849315068493
2023,it,"[130, 140)",2.7945205479452055
2023,it,"[140, 150)",2.0821917808219177
2023,it,"[150, 160)",1.8630136986301369
2023,it,"[160, 170)",1.808219178082192
2023,it,"[170, 180)",1.643835616438356
2023,it,"[180, 190)",1.7260273972602742
2023,it,"[190, 200)",2.273972602739726
2023,jp,"[0, 10)",1.06544901065449
2023,jp,"[10, 20)",2.712328767123288
2023,jp,"[20, 30)",1.0410958904109588
2023,jp,"[30, 40)",0.4657534246575342
2023,jp,"[40, 50)",0.3013698630136986
2023,jp,"[50, 60)",1.315068493150685
2023,jp,"[60, 70)",2.1095890410958904
2023,jp,"[70, 80)",2.246575342465753
2023,jp,"[80, 90)",2.904109589041096
2023,jp,"[90, 100)",3.5616438356164384
2023,jp,"[100, 110)",3.2957978577313924
2023,jp,"[110, 120)",2.7472527472527473
2023,jp,"[120, 130)",3.571428571428571
2023,jp,"[130, 140)",2.4450549450549453
2023,jp,"[140, 150)",2.0604395604395602
2023,jp,"[150, 160)",1.7857142857142856
2023,jp,"[160, 170)",1.3186813186813187
2023,jp,"[170, 180)",1.0714285714285714
2023,jp,"[180, 190)",0.7417582417582417
2023,jp,"[190, 200)",0.783435926133184
2023,no,"[0, 10)",0.24353120243531204
2023,no,"[10, 20)",0.2465753424657534
2023,no,"[20, 30)",0.7123287671232876
2023,no,"[30, 40)",0.5205479452054794
2023,no,"[40, 50)",0.8767123287671232
2023,no,"[50, 60)",0.4931506849315068
2023,no,"[60, 70)",0.410958904109589
2023,no,"[70, 80)",0.9315068493150684
2023,no,"[80, 90)",1.2328767123287672
2023,no,"[90, 100)",1.808219178082192
2023,no,"[100, 110)",1.9452054794520546
2023,no,"[110, 120)",2.8219178082191783
2023,no,"[120, 130)",3.780821917808219
2023,no,"[130, 140)",3.8356164383561646
2023,no,"[140, 150)",5.36986301369863
2023,no,"[150, 160)",5.1506849315068495
2023,no,"[160, 170)",5.972602739726027
2023,no,"[170, 180)",5.589041095890411
2023,no,"[180, 190)",5.780821917808219
2023,no,"[190, 200)",6.8448883666274964
2023,pl,"[0, 10)",0.06088280060882801
2023,pl,"[10, 20)",0.0273972602739726
2023,pl,"[20, 30)",0.4383561643835616
2023,pl,"[30, 40)",0.4931506849315068
2023,pl,"[40, 50)",0.5753424657534246
2023,pl,"[50, 60)",0.6027397260273972
2023,pl,"[60, 70)",0.7123287671232876
2023,pl,"[70, 80)",1.1506849315068493
2023,pl,"[80, 90)",2.356164383561644
2023,pl,"[90, 100)",3.9178082191780823
2023,pl,"[100, 110)",3.3424657534246576
2023,pl,"[110, 120)",3.287671232876712
2023,pl,"[120, 130)",3.890410958904109
2023,pl,"[130, 140)",3.2602739726027394
2023,pl,"[140, 150)",2.958904109589041
2023,pl,"[150, 160)",3.643835616438356
2023,pl,"[160, 170)",3.780821917808219
2023,pl,"[170, 180)",4.52054794520548
2023,pl,"[180, 190)",4.438356164383562
2023,pl,"[190, 200)",4.887424492037342
2023,us,"[0, 10)",0.06088280060882801
2023,us,"[10, 20)",0.1917808219178082
2023,us,"[20, 30)",0.1917808219178082
2023,us,"[30, 40)",0.32876712328767127
2023,us,"[40, 50)",1.0684931506849316
2023,us,"[50, 60)",0.9863013698630136
2023,us,"[60, 70)",0.9589041095890412
2023,us,"[70, 80)",1.9178082191780823
2023,us,"[80, 90)",2.0
2023,us,"[90, 100)",1.808219178082192
2023,us,"[100, 110)",1.5105740181268883
2023,us,"[110, 120)",1.510989010989011
2023,us,"[120, 130)",1.7857142857142856
2023,us,"[130, 140)",2.1153846153846154
2023,us,"[140, 150)",2.82967032967033
2023,us,"[150, 160)",3.057009088405398
2023,us,"[160, 170)",5.151515151515151
2023,us,"[170, 180)",4.435261707988981
2023,us,"[180, 190)",5.757575757575758
2023,us,"[190, 200)",5.853119823302043
