country,month,Cognitive Development,Education Management,Licensing Exam,Non-Education,Parents,Preschool,Professional & Career,Subject Learning,Teaching and Learning
be,2017-01,5.0,1.19,5.97,23.17,0.0,11.29,1.26,45.96,6.15
be,2017-02,4.27,2.77,6.57,21.08,0.0,9.36,0.68,47.69,7.59
be,2017-03,4.26,2.32,6.27,23.03,0.01,9.51,0.53,47.02,7.05
be,2017-04,4.08,1.86,7.19,25.48,0.0,10.06,0.58,44.63,6.12
be,2017-05,4.04,2.71,6.23,25.07,0.04,7.52,0.91,46.14,7.33
be,2017-06,4.14,2.43,6.46,26.02,0.0,6.74,0.96,45.29,7.96
be,2017-07,4.02,0.75,7.25,27.76,0.0,10.73,1.08,43.87,4.54
be,2017-08,3.75,2.23,7.13,28.47,0.0,9.62,1.04,42.62,5.13
be,2017-09,2.91,7.1,6.67,23.49,0.18,6.04,0.81,41.18,11.62
be,2017-10,2.89,5.3,6.34,25.73,0.05,6.35,0.76,39.86,12.72
be,2017-11,2.85,3.65,7.79,26.17,0.08,8.5,1.04,39.78,10.13
be,2017-12,2.58,2.98,8.36,29.16,0.0,8.76,0.68,38.54,8.94
be,2018-01,2.19,2.68,6.29,29.97,0.0,8.89,0.97,41.37,7.64
be,2018-02,1.99,3.3,6.87,29.62,0.0,7.46,1.16,39.6,9.99
be,2018-03,2.33,3.76,6.41,31.44,0.01,6.01,1.04,39.76,9.24
be,2018-04,2.41,3.07,7.02,33.9,0.02,6.1,0.86,39.04,7.58
be,2018-05,2.01,3.51,6.94,32.2,0.04,5.66,0.86,41.44,7.35
be,2018-06,2.86,2.67,6.37,31.78,0.25,6.07,0.81,40.0,9.18
be,2018-07,3.1,0.9,6.48,39.56,0.33,12.21,0.21,32.18,5.03
be,2018-08,3.19,2.51,6.24,39.24,0.07,8.55,0.22,33.97,6.01
be,2018-09,2.5,7.48,7.01,30.12,0.38,5.7,0.22,34.15,12.42
be,2018-10,2.34,5.14,7.79,29.01,0.5,8.58,0.32,34.66,11.67
be,2018-11,3.45,2.44,6.96,31.24,0.01,10.94,0.32,33.91,10.74
be,2018-12,2.64,2.16,6.35,32.61,0.0,12.58,0.25,35.8,7.62
be,2019-01,2.72,2.54,7.87,29.68,0.17,13.05,0.2,35.98,7.79
be,2019-02,3.45,3.49,8.05,27.5,0.14,10.32,0.33,35.79,10.93
be,2019-03,3.29,3.06,8.73,25.53,0.68,10.75,0.43,39.61,7.92
be,2019-04,2.73,2.15,8.29,33.13,0.56,12.53,0.04,34.27,6.3
be,2019-05,3.25,2.94,7.51,32.01,0.73,7.58,0.02,37.67,8.28
be,2019-06,2.97,2.47,7.05,31.8,0.84,8.69,0.34,37.94,7.89
be,2019-07,3.24,0.92,6.89,37.28,0.7,11.07,0.41,35.95,3.54
be,2019-08,3.66,1.99,7.37,39.44,1.44,7.98,0.06,33.09,4.98
be,2019-09,2.91,8.46,6.31,28.75,2.09,3.73,0.23,35.41,12.13
be,2019-10,3.19,6.89,6.02,26.68,1.32,5.72,0.67,38.12,11.39
be,2019-11,3.38,5.51,6.19,26.69,0.4,7.5,0.79,38.26,11.28
be,2019-12,3.43,3.7,5.83,29.19,0.18,8.51,0.5,39.98,8.68
be,2020-01,3.56,3.32,6.12,28.66,0.12,8.62,0.5,41.28,7.8
be,2020-02,3.11,3.4,5.59,27.56,0.41,8.97,0.96,39.41,10.58
be,2020-03,3.52,3.45,3.97,31.12,0.3,11.64,0.76,33.47,11.78
be,2020-04,2.52,2.86,1.94,40.4,0.33,13.05,1.11,28.57,9.22
be,2020-05,2.2,2.62,3.3,40.73,0.86,11.78,0.9,29.17,8.45
be,2020-06,2.11,1.62,5.51,41.96,0.08,9.77,0.81,30.8,7.34
be,2020-07,1.27,0.62,7.14,46.36,0.03,9.72,0.79,29.21,4.86
be,2020-08,1.36,1.78,6.86,46.05,0.43,7.69,1.39,28.89,5.55
be,2020-09,0.77,8.53,5.21,35.12,1.59,5.33,1.09,30.25,12.11
be,2020-10,1.86,6.46,4.98,34.44,0.9,6.63,0.62,31.95,12.16
be,2020-11,2.0,4.72,3.22,36.76,0.17,9.57,0.57,32.63,10.36
be,2020-12,1.94,4.88,3.65,35.42,0.15,8.25,0.81,36.04,8.86
be,2021-01,1.85,3.25,5.37,31.96,0.36,7.78,1.0,37.61,10.82
be,2021-02,1.85,2.78,5.99,32.76,0.11,8.09,1.69,35.22,11.5
be,2021-03,1.89,3.43,7.11,35.86,0.01,7.84,1.61,32.99,9.26
be,2021-04,1.88,2.31,7.64,39.05,0.31,8.44,1.3,31.4,7.67
be,2021-05,1.59,2.31,7.07,39.23,0.37,7.37,1.32,32.72,8.02
be,2021-06,1.37,2.39,6.91,39.22,0.54,6.15,0.93,35.64,6.85
be,2021-07,2.19,1.04,7.31,42.89,0.06,8.76,0.67,33.25,3.84
be,2021-08,1.6,2.52,7.67,43.97,0.49,7.15,0.58,30.65,5.37
be,2021-09,1.03,9.06,6.18,36.92,2.42,3.87,0.49,28.88,11.15
be,2021-10,1.27,7.27,6.8,36.51,0.68,5.25,0.77,30.04,11.42
be,2021-11,1.24,4.54,6.73,36.98,0.32,10.02,0.5,30.4,9.28
be,2021-12,1.16,4.67,6.31,34.35,0.24,11.4,0.32,32.08,9.48
be,2022-01,0.94,2.81,8.91,35.86,0.87,11.28,0.35,29.89,9.1
be,2022-02,1.16,3.03,8.64,34.8,0.26,9.48,0.44,31.19,10.99
be,2022-03,0.99,2.98,8.37,38.13,0.02,8.91,0.4,31.2,9.0
be,2022-04,1.0,2.23,7.85,40.77,0.21,9.34,0.51,30.98,7.13
be,2022-05,1.22,2.57,7.23,40.2,0.17,7.21,0.33,31.95,9.14
be,2022-06,2.14,3.0,7.18,39.09,0.5,7.38,0.38,31.74,8.6
be,2022-07,1.71,1.21,8.61,41.87,0.06,11.11,0.52,29.37,5.55
be,2022-08,1.46,2.06,8.63,43.06,0.42,8.56,0.7,27.56,7.54
be,2022-09,0.93,9.55,7.05,34.0,1.92,3.91,0.56,28.08,14.0
be,2022-10,1.01,6.01,6.23,35.86,1.36,4.95,0.83,30.4,13.35
be,2022-11,1.23,4.37,6.57,33.92,0.38,7.94,0.73,33.47,11.39
be,2022-12,1.32,3.55,6.3,33.69,0.72,7.67,1.2,34.2,11.34
be,2023-01,1.21,3.38,7.73,33.32,0.14,7.76,0.55,34.98,10.93
be,2023-02,1.46,3.36,7.04,34.79,0.11,7.43,0.41,34.4,11.01
be,2023-03,1.19,3.36,7.18,37.17,0.04,5.79,0.31,34.5,10.46
be,2023-04,1.31,2.83,6.56,38.38,0.04,5.56,0.15,35.83,9.33
be,2023-05,1.04,2.32,6.47,41.46,0.22,5.47,0.07,32.91,10.03
be,2023-06,1.01,2.48,5.95,41.86,0.25,4.25,0.05,33.83,10.33
be,2023-07,1.26,1.24,6.66,44.63,0.43,7.09,0.21,31.78,6.7
be,2023-08,1.12,2.07,6.59,43.85,0.97,7.23,0.91,30.79,6.47
be,2023-09,0.98,8.12,5.39,35.81,2.22,4.59,0.32,30.09,12.49
be,2023-10,1.08,5.29,5.25,38.0,1.15,5.88,0.53,32.58,10.25
be,2023-11,1.35,3.91,5.61,36.28,0.73,7.2,0.49,32.69,11.75
be,2023-12,1.67,3.72,6.06,32.86,0.59,8.79,0.27,35.51,10.55
ch,2017-01,5.12,1.18,5.67,23.07,0.07,2.72,1.58,53.01,7.57
ch,2017-02,5.16,0.68,5.57,21.91,0.0,3.56,1.04,54.61,7.47
ch,2017-03,4.36,0.35,5.81,21.44,0.57,3.76,0.96,54.85,7.9
ch,2017-04,5.16,0.29,5.93,24.62,0.02,4.38,0.89,51.07,7.64
ch,2017-05,5.43,1.23,5.26,24.74,0.0,2.88,1.24,51.8,7.42
ch,2017-06,5.27,1.28,5.97,27.35,0.01,2.66,1.35,49.6,6.51
ch,2017-07,5.49,1.35,6.1,29.27,0.07,3.1,1.37,48.07,5.19
ch,2017-08,4.68,4.17,5.8,27.4,0.04,2.06,1.53,46.66,7.66
ch,2017-09,4.42,6.17,4.6,24.26,0.14,1.43,1.39,46.83,10.77
ch,2017-10,4.54,3.73,4.85,25.25,0.28,2.5,1.71,48.41,8.72
ch,2017-11,4.48,2.98,3.91,21.86,0.96,3.1,1.7,51.01,10.0
ch,2017-12,4.66,2.29,3.45,25.24,0.86,4.99,1.48,47.55,9.47
ch,2018-01,4.34,2.59,4.2,25.19,0.56,3.56,1.66,49.23,8.66
ch,2018-02,4.37,2.3,4.72,23.41,0.3,3.39,1.73,49.04,10.75
ch,2018-03,4.21,2.24,4.0,24.47,0.44,3.08,1.79,48.25,11.51
ch,2018-04,4.4,1.02,4.62,31.07,0.51,2.53,1.61,43.57,10.67
ch,2018-05,3.84,1.58,4.86,26.47,0.49,2.46,1.67,47.74,10.87
ch,2018-06,4.07,2.27,4.33,28.55,0.44,2.38,1.62,44.84,11.5
ch,2018-07,4.3,1.57,5.03,35.66,0.46,5.47,1.08,38.67,7.77
ch,2018-08,3.73,4.25,4.48,33.38,0.63,2.7,0.81,39.53,10.5
ch,2018-09,3.47,6.07,4.57,29.74,0.62,2.2,1.22,38.51,13.6
ch,2018-10,3.66,2.35,5.22,27.87,0.1,5.01,1.13,43.09,11.57
ch,2018-11,3.2,2.21,3.87,25.05,0.0,5.71,1.22,46.24,12.51
ch,2018-12,2.93,1.41,3.13,26.31,0.09,7.32,1.02,47.14,10.64
ch,2019-01,3.75,1.03,4.11,22.38,0.11,7.78,0.88,49.81,10.15
ch,2019-02,3.35,1.58,4.52,20.7,0.09,6.7,0.74,50.6,11.71
ch,2019-03,3.29,2.04,4.39,18.68,0.12,6.32,1.17,53.87,10.12
ch,2019-04,3.69,1.58,3.7,28.46,0.2,8.18,0.86,43.19,10.15
ch,2019-05,3.57,1.86,3.33,27.25,0.17,5.34,0.91,46.72,10.84
ch,2019-06,3.14,2.4,3.71,27.24,0.46,5.64,1.17,46.02,10.22
ch,2019-07,3.34,1.68,4.69,30.91,0.12,5.65,0.87,45.43,7.31
ch,2019-08,3.44,5.82,3.53,29.84,1.34,3.2,0.98,42.02,9.83
ch,2019-09,3.29,6.58,2.62,26.38,1.42,1.55,1.21,42.74,14.22
ch,2019-10,3.62,4.14,2.78,24.44,1.02,2.3,1.46,48.0,12.25
ch,2019-11,3.92,3.52,2.65,20.5,1.25,3.57,1.45,50.02,13.12
ch,2019-12,4.1,2.68,2.45,23.04,1.02,3.93,1.15,49.37,12.27
ch,2020-01,4.1,1.76,3.16,22.68,0.94,4.12,1.18,50.98,11.1
ch,2020-02,3.63,1.87,3.28,23.74,0.83,5.75,1.49,47.23,12.18
ch,2020-03,3.63,4.15,2.38,24.85,1.55,7.4,1.35,40.5,14.18
ch,2020-04,3.33,2.59,1.99,33.82,1.57,8.25,1.6,34.25,12.61
ch,2020-05,3.43,1.12,4.13,34.1,0.82,6.46,1.48,36.23,12.24
ch,2020-06,3.13,1.07,5.88,33.86,1.19,5.79,1.38,37.05,10.66
ch,2020-07,2.36,0.94,6.53,41.45,0.96,4.97,1.38,32.81,8.6
ch,2020-08,1.75,4.36,5.77,39.87,1.75,3.62,1.11,30.98,10.79
ch,2020-09,1.62,6.0,4.68,36.68,1.45,3.39,1.09,31.13,13.97
ch,2020-10,1.81,2.71,4.42,34.99,1.08,4.72,1.19,35.85,13.23
ch,2020-11,1.9,2.86,4.08,32.3,1.11,5.24,1.18,38.1,13.22
ch,2020-12,2.04,2.08,4.11,32.28,0.87,5.8,1.33,38.88,12.61
ch,2021-01,2.49,1.65,4.69,28.12,1.05,5.34,1.58,42.36,12.72
ch,2021-02,2.33,1.41,5.33,30.01,1.04,5.87,2.18,38.75,13.08
ch,2021-03,2.59,2.06,5.3,32.8,0.0,5.46,1.85,37.62,12.32
ch,2021-04,2.67,1.19,5.65,38.75,0.06,5.21,1.88,33.73,10.86
ch,2021-05,2.54,1.06,5.41,37.96,0.16,4.69,1.63,34.32,12.25
ch,2021-06,2.47,1.68,5.86,38.32,0.03,4.21,1.51,33.77,12.15
ch,2021-07,2.59,1.44,5.9,41.26,0.19,4.76,1.35,33.54,8.97
ch,2021-08,2.09,4.93,5.01,39.84,0.57,2.85,1.13,31.89,11.7
ch,2021-09,1.57,6.83,3.7,36.84,0.47,2.63,1.23,31.87,14.87
ch,2021-10,1.64,3.62,4.4,36.63,0.05,3.58,1.43,34.31,14.34
ch,2021-11,1.75,2.66,3.44,35.57,0.25,5.44,1.83,34.96,14.1
ch,2021-12,1.81,2.2,3.53,33.29,0.08,7.84,1.0,37.33,12.92
ch,2022-01,1.55,2.59,4.47,33.91,0.01,7.07,0.92,37.27,12.2
ch,2022-02,1.64,2.27,4.82,32.84,0.09,7.61,1.09,36.43,13.19
ch,2022-03,1.5,1.37,4.43,34.65,0.15,6.59,0.79,37.21,13.32
ch,2022-04,1.57,0.85,4.56,38.88,0.18,6.38,0.97,35.12,11.49
ch,2022-05,1.72,1.44,4.34,38.99,0.01,5.41,0.84,35.4,11.84
ch,2022-06,1.7,1.5,4.71,38.97,0.25,5.68,0.88,34.71,11.6
ch,2022-07,1.58,1.48,5.68,40.92,0.0,6.71,0.99,33.56,9.07
ch,2022-08,1.69,4.87,4.72,39.91,0.52,5.53,0.96,29.78,12.01
ch,2022-09,1.29,6.25,3.44,38.73,0.06,3.8,0.87,29.08,16.48
ch,2022-10,1.43,2.3,4.01,38.62,0.07,5.3,0.91,33.47,13.89
ch,2022-11,1.6,2.83,4.39,31.65,0.19,5.37,0.99,37.91,15.06
ch,2022-12,1.63,1.66,3.66,32.15,0.23,6.18,1.09,39.59,13.81
ch,2023-01,1.52,1.54,3.92,30.93,0.04,6.29,1.32,41.06,13.39
ch,2023-02,1.52,1.71,4.22,32.75,0.08,6.09,1.2,38.22,14.22
ch,2023-03,1.58,1.68,4.25,33.12,0.04,6.12,1.2,38.58,13.43
ch,2023-04,1.84,1.03,4.43,36.56,0.0,5.45,1.01,37.64,12.04
ch,2023-05,1.56,1.3,4.78,37.58,0.0,5.88,0.71,35.69,12.5
ch,2023-06,1.44,2.18,4.62,40.14,0.03,5.01,0.68,34.32,11.58
ch,2023-07,1.32,2.11,5.41,41.12,0.4,5.39,0.74,34.17,9.36
ch,2023-08,1.39,4.62,5.01,38.26,0.43,4.47,1.36,33.93,10.53
ch,2023-09,1.24,4.22,3.75,38.05,0.51,4.1,0.88,33.56,13.7
ch,2023-10,1.36,2.38,4.21,39.29,0.02,5.68,1.19,34.13,11.74
ch,2023-11,1.58,3.52,3.43,31.15,0.0,6.02,1.64,38.43,14.23
ch,2023-12,2.15,3.13,3.58,29.28,0.0,6.42,1.77,39.93,13.75
de,2017-01,4.78,3.17,14.37,19.41,0.52,1.88,0.12,50.42,5.34
de,2017-02,4.27,4.42,15.58,15.65,0.04,2.41,0.0,52.29,5.35
de,2017-03,3.96,3.82,15.86,15.27,0.0,2.84,0.0,52.94,5.31
de,2017-04,4.12,3.76,16.01,17.46,0.24,2.83,0.0,50.34,5.24
de,2017-05,4.15,3.83,15.85,18.67,0.13,1.97,0.0,50.0,5.38
de,2017-06,5.32,2.96,16.61,22.91,0.07,2.0,0.01,45.87,4.26
de,2017-07,4.84,2.66,18.48,23.11,0.39,2.15,0.33,44.54,3.5
de,2017-08,3.93,3.89,16.5,22.74,0.2,2.41,0.33,46.09,3.91
de,2017-09,3.25,6.83,16.51,17.23,0.47,1.83,0.17,46.14,7.58
de,2017-10,3.56,7.33,15.61,17.93,0.64,2.19,0.16,45.77,6.81
de,2017-11,3.68,5.5,15.88,16.5,0.71,2.49,0.07,47.73,7.45
de,2017-12,3.71,5.38,15.31,17.77,0.9,3.89,0.0,45.75,7.28
de,2018-01,3.73,5.12,16.08,18.81,0.61,3.3,0.04,45.57,6.73
de,2018-02,3.42,4.91,17.87,15.95,0.65,2.77,0.23,46.92,7.28
de,2018-03,3.41,4.88,17.72,17.18,0.27,2.86,0.05,46.28,7.35
de,2018-04,3.26,4.65,17.75,20.52,0.33,2.04,0.12,43.14,8.19
de,2018-05,2.38,3.85,18.66,19.49,0.27,1.53,0.07,45.33,8.42
de,2018-06,3.15,3.06,17.6,22.17,0.0,1.32,0.08,43.66,8.96
de,2018-07,3.29,2.22,16.34,27.02,0.0,2.2,0.0,41.11,7.82
de,2018-08,2.77,5.32,15.0,27.95,0.0,1.58,0.02,39.55,7.81
de,2018-09,2.63,6.96,14.49,20.79,0.0,1.76,0.37,42.6,10.4
de,2018-10,2.45,6.52,14.1,18.41,0.01,2.29,0.06,46.08,10.08
de,2018-11,1.86,5.27,14.14,15.38,0.01,1.63,0.06,50.79,10.86
de,2018-12,1.77,4.81,13.87,16.05,0.0,1.87,0.11,51.7,9.81
de,2019-01,2.02,4.85,15.0,13.75,0.0,2.39,0.05,52.53,9.41
de,2019-02,1.69,5.95,16.42,11.46,0.0,2.1,0.01,51.91,10.46
de,2019-03,2.32,4.83,16.33,12.77,0.0,2.53,0.28,51.58,9.36
de,2019-04,2.32,3.68,16.25,18.12,0.0,2.95,0.4,47.18,9.1
de,2019-05,2.25,3.8,16.92,18.04,0.0,2.38,0.23,46.67,9.7
de,2019-06,2.21,3.05,16.42,20.72,0.0,3.38,0.0,44.84,9.37
de,2019-07,2.82,2.05,16.28,23.81,0.0,4.59,0.12,42.07,8.25
de,2019-08,3.13,6.8,15.76,23.08,0.0,3.17,0.31,39.88,7.88
de,2019-09,2.71,9.71,14.55,15.96,0.14,0.76,0.24,44.66,11.28
de,2019-10,2.76,8.11,14.14,15.76,0.01,1.13,0.81,45.48,11.81
de,2019-11,2.93,7.32,13.79,13.29,0.1,2.39,0.74,46.93,12.5
de,2019-12,2.5,5.24,13.44,16.74,0.02,3.53,0.01,47.47,11.05
de,2020-01,2.78,4.98,14.62,15.41,0.0,3.43,0.09,48.15,10.53
de,2020-02,2.18,5.58,16.25,12.91,0.0,4.01,0.38,47.51,11.17
de,2020-03,2.74,7.1,10.81,17.93,0.09,4.6,1.2,41.6,13.93
de,2020-04,2.47,5.4,4.84,27.73,0.0,6.6,1.01,37.72,14.23
de,2020-05,1.84,5.19,10.08,26.25,0.0,6.05,0.54,35.9,14.15
de,2020-06,1.5,4.58,15.95,25.09,0.0,5.45,0.53,36.16,10.73
de,2020-07,1.61,3.03,17.6,29.82,0.0,4.09,0.47,34.37,9.01
de,2020-08,1.21,6.49,14.66,30.6,0.0,3.22,0.3,32.63,10.88
de,2020-09,1.65,10.16,11.88,24.67,0.03,2.57,0.23,34.48,14.32
de,2020-10,1.4,9.97,11.55,23.39,0.01,3.26,0.41,35.2,14.82
de,2020-11,1.33,9.01,10.2,22.48,0.25,4.2,0.33,35.98,16.21
de,2020-12,1.39,6.83,9.14,25.08,0.0,5.62,0.57,36.7,14.67
de,2021-01,1.79,6.67,6.83,23.93,0.0,6.36,0.64,36.5,17.29
de,2021-02,1.83,6.02,8.14,24.78,0.0,6.35,1.24,34.11,17.53
de,2021-03,1.71,5.62,13.03,24.8,0.0,6.43,0.94,32.71,14.76
de,2021-04,2.12,4.73,13.15,28.37,0.02,6.2,0.63,31.63,13.16
de,2021-05,1.33,4.41,12.46,29.16,0.29,5.24,0.61,32.65,13.84
de,2021-06,1.05,4.12,14.59,30.55,0.18,4.03,0.54,32.97,11.97
de,2021-07,1.21,3.39,14.5,33.14,0.03,3.86,0.31,33.91,9.65
de,2021-08,1.12,5.78,12.8,33.03,0.0,3.4,0.62,31.86,11.38
de,2021-09,0.97,9.87,10.25,29.66,0.0,2.65,0.41,31.5,14.7
de,2021-10,0.9,9.17,10.46,26.53,0.01,3.43,0.45,32.24,16.81
de,2021-11,0.98,8.2,9.96,26.07,0.19,4.44,0.26,34.12,15.79
de,2021-12,0.95,7.01,8.95,25.58,0.04,5.54,0.15,37.29,14.5
de,2022-01,0.95,6.81,10.72,26.1,0.04,5.28,0.23,36.43,13.43
de,2022-02,0.89,6.93,11.06,25.81,0.0,4.27,0.27,36.31,14.46
de,2022-03,0.85,5.54,9.97,28.84,0.0,4.39,0.16,37.08,13.17
de,2022-04,0.87,4.91,9.74,30.98,0.02,5.27,0.21,36.46,11.55
de,2022-05,1.2,5.21,10.52,29.18,0.0,4.42,0.22,36.74,12.5
de,2022-06,1.06,5.2,10.31,32.08,0.0,4.53,0.18,35.03,11.61
de,2022-07,1.07,5.25,11.08,32.36,0.21,5.11,0.22,35.32,9.37
de,2022-08,1.74,5.84,9.79,33.31,0.13,6.31,0.24,31.1,11.55
de,2022-09,1.27,11.38,7.99,26.35,0.0,3.36,0.09,31.64,17.92
de,2022-10,0.93,9.03,7.81,27.6,0.0,3.58,0.15,34.63,16.28
de,2022-11,0.99,7.29,8.51,24.05,0.09,3.37,0.18,38.18,17.34
de,2022-12,0.96,6.24,8.0,24.96,0.0,3.99,0.22,40.13,15.5
de,2023-01,1.0,5.63,10.4,23.86,0.01,5.02,0.2,39.45,14.42
de,2023-02,0.97,5.52,10.77,24.0,0.0,4.73,0.21,38.18,15.62
de,2023-03,1.02,4.67,10.87,26.03,0.0,4.71,0.32,38.16,14.23
de,2023-04,1.03,4.71,10.29,28.89,0.0,4.41,0.16,37.17,13.34
de,2023-05,1.05,4.51,10.75,31.34,0.0,3.17,0.02,35.94,13.23
de,2023-06,0.94,4.32,12.29,31.71,0.0,2.99,0.02,35.32,12.42
de,2023-07,0.97,4.12,13.3,31.72,0.09,3.42,0.08,35.94,10.37
de,2023-08,1.0,5.51,11.01,30.84,0.01,3.45,0.72,36.3,11.15
de,2023-09,0.89,10.14,9.52,25.89,0.0,2.38,0.25,36.51,14.44
de,2023-10,0.91,8.31,9.29,27.32,0.0,3.57,0.48,35.39,14.73
de,2023-11,0.95,6.79,9.19,24.36,0.11,3.78,0.48,38.45,15.89
de,2023-12,1.29,6.18,9.02,22.97,0.12,3.86,0.44,41.92,14.21
dk,2017-01,6.58,3.61,0.86,26.06,0.01,9.46,1.89,42.01,9.51
dk,2017-02,5.52,3.25,0.9,23.8,0.0,10.55,1.37,43.29,11.32
dk,2017-03,6.23,2.54,0.74,24.17,0.0,10.25,1.6,43.59,10.88
dk,2017-04,6.68,1.98,0.79,27.23,0.12,11.5,1.5,40.79,9.42
dk,2017-05,6.7,1.81,0.85,25.49,0.08,11.43,1.76,42.2,9.69
dk,2017-06,6.68,1.33,0.55,25.92,0.09,11.93,2.14,42.06,9.29
dk,2017-07,6.76,0.94,0.61,29.59,0.02,12.32,1.99,41.86,5.89
dk,2017-08,5.74,6.79,0.57,24.75,0.0,10.45,2.3,36.97,12.43
dk,2017-09,5.35,7.85,0.41,21.21,0.07,9.21,3.19,38.33,14.37
dk,2017-10,5.78,3.53,0.58,26.6,0.05,9.82,2.84,38.4,12.4
dk,2017-11,5.27,3.15,0.47,27.14,0.53,10.31,2.57,38.19,12.36
dk,2017-12,5.36,2.41,0.43,28.72,0.12,12.95,1.85,36.5,11.66
dk,2018-01,5.06,3.94,0.3,28.06,0.0,11.33,1.75,36.93,12.62
dk,2018-02,5.22,4.3,0.29,29.43,0.0,10.36,2.04,35.57,12.79
dk,2018-03,6.06,3.3,0.47,29.73,0.03,10.58,1.89,36.76,11.17
dk,2018-04,5.42,2.61,0.45,32.47,0.12,9.89,2.03,36.04,10.98
dk,2018-05,4.39,2.42,0.71,32.31,0.63,8.83,1.89,37.32,11.5
dk,2018-06,5.07,2.3,0.67,30.97,0.44,8.56,2.01,39.04,10.94
dk,2018-07,4.91,1.12,0.77,38.95,1.09,13.5,1.15,31.85,6.67
dk,2018-08,4.93,7.9,0.65,33.89,0.29,7.47,1.63,31.14,12.11
dk,2018-09,5.51,6.3,1.44,31.33,0.26,7.85,2.51,31.65,13.15
dk,2018-10,4.88,2.36,1.44,32.85,0.25,11.0,1.62,33.53,12.07
dk,2018-11,5.22,2.15,0.69,32.18,0.5,12.08,1.11,33.98,12.09
dk,2018-12,4.21,1.87,0.45,33.66,0.81,14.61,0.92,33.99,9.49
dk,2019-01,4.16,3.27,0.57,29.98,0.47,15.45,0.8,33.46,11.83
dk,2019-02,4.43,2.97,0.39,29.49,0.11,12.81,1.16,35.55,13.09
dk,2019-03,4.77,2.53,0.85,24.49,0.38,12.15,1.42,42.23,11.17
dk,2019-04,5.62,2.46,0.4,34.18,0.32,12.28,1.12,33.02,10.61
dk,2019-05,6.04,2.98,0.24,35.66,0.22,7.87,0.93,32.94,13.12
dk,2019-06,5.83,2.47,0.45,36.31,0.41,8.54,0.93,34.52,10.54
dk,2019-07,4.41,1.25,0.4,37.71,0.3,12.07,0.83,36.97,6.06
dk,2019-08,5.81,8.51,0.15,35.7,0.2,7.33,1.39,28.42,12.5
dk,2019-09,6.44,6.24,0.21,31.0,0.13,5.59,2.19,33.07,15.14
dk,2019-10,5.34,4.4,0.39,34.81,0.27,7.88,2.33,32.36,12.23
dk,2019-11,5.74,3.44,0.35,31.3,1.01,7.84,1.54,35.27,13.51
dk,2019-12,5.09,2.32,0.25,35.45,0.9,10.27,1.07,33.05,11.6
dk,2020-01,5.6,3.94,0.27,31.5,1.44,10.3,1.51,33.45,11.99
dk,2020-02,5.73,3.99,0.5,29.91,1.53,10.5,1.38,33.04,13.43
dk,2020-03,5.09,2.01,0.23,34.15,1.26,13.39,1.69,29.0,13.18
dk,2020-04,4.13,1.2,0.01,41.05,1.08,14.02,1.99,24.97,11.55
dk,2020-05,4.17,1.78,0.3,40.82,1.24,11.58,1.57,27.46,11.09
dk,2020-06,4.83,2.31,0.8,42.18,1.38,9.23,1.95,27.12,10.19
dk,2020-07,3.71,1.5,0.8,49.43,0.96,9.71,2.01,25.52,6.36
dk,2020-08,3.74,8.72,0.28,43.95,1.35,6.17,2.23,22.18,11.37
dk,2020-09,4.25,6.3,0.77,40.7,1.32,6.52,2.53,24.81,12.8
dk,2020-10,4.38,3.86,0.96,42.92,1.52,8.09,2.59,25.27,10.41
dk,2020-11,3.88,3.25,1.43,39.96,1.33,8.88,1.57,28.39,11.31
dk,2020-12,3.33,2.31,0.81,41.03,1.64,10.62,1.97,28.1,10.19
dk,2021-01,3.07,3.26,0.26,34.89,1.46,13.24,1.82,29.83,12.17
dk,2021-02,3.0,3.23,0.11,37.32,1.3,12.06,2.69,28.05,12.23
dk,2021-03,3.84,3.3,0.23,41.23,1.13,10.47,2.36,27.17,10.27
dk,2021-04,3.87,2.9,0.45,42.95,1.48,9.83,2.27,26.28,9.97
dk,2021-05,3.82,3.52,0.38,43.12,1.85,9.59,2.18,25.94,9.6
dk,2021-06,3.81,4.46,0.7,45.8,1.53,6.76,2.29,25.32,9.32
dk,2021-07,2.99,3.21,0.16,52.04,1.27,9.89,1.13,23.33,5.98
dk,2021-08,3.38,8.99,0.14,46.12,1.35,6.23,1.15,21.39,11.25
dk,2021-09,3.24,6.32,0.11,44.92,1.16,6.88,1.37,23.57,12.42
dk,2021-10,3.69,4.62,0.06,46.92,0.94,8.24,1.38,24.09,10.06
dk,2021-11,3.86,4.25,0.07,42.79,1.68,10.19,1.46,23.98,11.71
dk,2021-12,3.35,3.47,0.15,40.47,1.43,13.76,0.97,26.49,9.91
dk,2022-01,3.46,4.2,0.66,36.79,1.72,12.79,1.11,27.62,11.64
dk,2022-02,3.05,3.63,1.6,38.67,0.93,11.79,1.13,26.6,12.6
dk,2022-03,2.71,4.49,1.42,41.56,1.01,9.27,1.49,26.59,11.47
dk,2022-04,2.77,2.64,1.18,44.34,1.07,8.94,0.97,27.73,10.34
dk,2022-05,2.76,3.59,0.8,45.3,0.97,7.61,1.17,27.42,10.37
dk,2022-06,2.62,3.41,0.93,46.76,1.19,7.99,0.96,27.18,8.96
dk,2022-07,1.67,2.81,0.56,49.66,0.95,11.32,1.07,25.89,6.07
dk,2022-08,3.29,8.43,0.6,44.28,1.32,8.3,0.83,21.84,11.11
dk,2022-09,3.52,6.16,1.02,43.78,1.26,6.35,0.93,22.6,14.39
dk,2022-10,3.54,4.16,0.68,46.02,1.0,8.09,0.76,25.22,10.53
dk,2022-11,4.09,4.33,0.96,40.02,1.07,8.3,1.13,28.34,11.77
dk,2022-12,3.68,3.32,1.1,39.09,1.16,10.34,1.3,28.46,11.54
dk,2023-01,3.98,4.64,1.16,38.07,0.98,10.32,1.34,27.61,11.91
dk,2023-02,3.27,3.22,1.08,41.23,1.1,11.04,1.24,27.07,10.73
dk,2023-03,2.95,0.96,1.2,45.75,0.01,8.93,1.36,29.06,9.78
dk,2023-04,2.58,0.94,1.03,49.36,0.0,8.73,1.17,27.24,8.96
dk,2023-05,2.35,0.99,1.08,49.46,0.0,7.01,1.32,27.74,10.05
dk,2023-06,2.7,0.91,1.03,48.75,0.0,7.12,0.97,29.31,9.2
dk,2023-07,1.88,0.38,1.01,51.34,0.12,8.91,0.73,28.15,7.48
dk,2023-08,2.65,5.0,1.14,46.46,0.86,6.09,1.54,25.78,10.48
dk,2023-09,2.47,2.61,1.21,49.87,0.16,4.23,0.97,27.56,10.92
dk,2023-10,2.76,1.44,1.35,48.27,0.06,6.98,1.28,28.52,9.37
dk,2023-11,2.83,3.74,1.23,43.37,0.82,6.69,1.28,29.23,10.8
dk,2023-12,3.64,2.97,1.37,39.24,0.76,8.74,1.56,31.69,10.05
es,2017-01,5.99,5.24,7.47,24.78,4.63,6.64,1.59,35.56,8.11
es,2017-02,5.29,7.73,8.33,22.19,6.18,4.77,1.0,36.06,8.46
es,2017-03,4.86,5.4,8.16,24.12,5.58,6.11,1.02,36.92,7.82
es,2017-04,4.49,4.01,8.45,26.21,5.03,6.47,1.18,37.19,6.97
es,2017-05,3.89,3.65,10.41,25.17,4.53,6.08,1.19,37.76,7.32
es,2017-06,4.26,6.72,10.93,25.01,4.56,6.99,1.66,32.76,7.1
es,2017-07,4.23,3.9,9.24,30.12,1.93,7.96,1.63,35.05,5.93
es,2017-08,3.66,3.12,7.18,32.62,0.55,8.13,1.67,37.9,5.16
es,2017-09,2.17,13.28,6.95,18.88,10.7,4.98,0.95,28.42,13.69
es,2017-10,1.62,9.81,7.94,19.69,10.0,4.2,1.12,32.1,13.51
es,2017-11,2.36,7.73,7.85,21.13,7.77,4.7,2.2,34.24,12.02
es,2017-12,2.79,6.03,7.39,24.82,6.6,5.97,2.08,34.1,10.23
es,2018-01,3.42,5.58,8.35,24.65,4.87,4.42,2.09,36.8,9.81
es,2018-02,3.3,7.81,9.27,20.02,5.56,3.79,2.75,35.81,11.68
es,2018-03,2.45,6.77,9.0,23.86,5.25,4.91,2.81,35.35,9.6
es,2018-04,2.36,5.08,9.5,27.43,3.75,4.51,2.6,36.03,8.76
es,2018-05,1.41,6.3,9.7,27.91,3.79,4.76,2.76,35.24,8.14
es,2018-06,2.61,7.58,10.56,28.11,4.72,5.24,2.48,30.76,7.95
es,2018-07,2.59,2.51,10.83,36.85,1.61,10.61,1.62,27.75,5.63
es,2018-08,2.37,3.11,9.36,39.23,1.32,6.68,1.38,31.23,5.31
es,2018-09,1.21,12.33,9.18,24.99,12.04,2.53,0.99,25.23,11.51
es,2018-10,1.56,9.83,8.63,21.95,11.52,4.0,1.07,27.44,13.99
es,2018-11,1.55,6.33,9.03,27.18,7.33,7.39,1.56,27.02,12.62
es,2018-12,1.38,5.52,7.6,27.96,6.6,9.29,1.29,31.47,8.87
es,2019-01,2.16,5.41,10.07,23.38,4.9,10.33,1.24,32.94,9.56
es,2019-02,3.14,7.67,11.74,19.53,6.13,7.58,1.7,31.17,11.34
es,2019-03,2.69,6.7,11.83,21.99,6.81,7.29,2.1,31.24,9.36
es,2019-04,2.34,4.04,11.21,27.47,5.89,9.32,1.95,29.12,8.67
es,2019-05,2.36,5.4,12.45,27.68,5.85,6.77,1.9,28.39,9.2
es,2019-06,2.39,5.94,13.53,28.26,5.69,7.16,1.91,28.51,6.62
es,2019-07,3.04,2.22,13.36,33.48,2.14,9.0,2.16,29.82,4.78
es,2019-08,3.6,2.95,10.5,35.79,1.07,6.79,1.37,33.42,4.5
es,2019-09,2.86,12.59,10.6,20.8,14.36,2.64,1.59,22.81,11.76
es,2019-10,2.24,10.52,11.31,18.43,12.59,2.26,2.19,25.97,14.48
es,2019-11,2.76,8.4,10.48,19.12,9.9,3.19,3.21,30.11,12.82
es,2019-12,2.22,7.02,9.48,22.99,8.0,4.73,1.98,33.77,9.81
es,2020-01,3.09,5.4,10.67,21.97,6.58,4.6,1.87,36.61,9.21
es,2020-02,2.57,7.56,12.16,19.57,6.72,4.15,1.88,34.18,11.2
es,2020-03,3.13,6.05,7.81,20.49,9.51,7.42,2.08,31.66,11.85
es,2020-04,2.95,4.75,3.47,23.89,8.02,10.72,2.91,30.68,12.62
es,2020-05,2.42,4.18,3.93,28.84,5.9,10.31,2.33,30.2,11.9
es,2020-06,1.46,3.63,9.23,31.15,7.67,9.04,2.26,26.12,9.44
es,2020-07,2.0,2.37,11.48,37.33,4.68,7.46,3.07,24.24,7.38
es,2020-08,2.23,1.89,10.2,37.26,2.72,8.29,4.19,26.04,7.19
es,2020-09,1.47,9.91,8.75,24.85,14.84,5.67,2.64,19.41,12.46
es,2020-10,1.47,8.31,8.09,23.35,9.87,5.88,3.23,22.54,17.25
es,2020-11,2.0,6.01,8.4,24.28,7.42,7.5,2.55,26.41,15.43
es,2020-12,1.64,4.95,8.58,27.18,7.23,8.61,3.49,26.25,12.07
es,2021-01,1.16,4.27,10.17,26.07,4.24,9.16,3.28,29.86,11.79
es,2021-02,1.01,4.69,12.19,23.88,5.41,6.82,3.73,28.47,13.8
es,2021-03,1.42,4.35,11.5,27.54,5.44,7.12,2.55,27.69,12.39
es,2021-04,1.59,2.83,11.63,31.24,3.96,7.21,2.66,28.01,10.86
es,2021-05,0.86,2.96,12.09,33.67,3.57,6.14,2.77,26.47,11.46
es,2021-06,0.68,4.81,12.66,32.67,5.69,6.9,2.6,24.87,9.12
es,2021-07,1.34,2.71,13.02,36.62,3.35,8.53,2.18,25.76,6.48
es,2021-08,1.17,1.79,11.55,39.59,1.66,7.98,1.84,26.84,7.58
es,2021-09,0.7,9.65,9.38,26.61,14.61,5.26,1.13,19.57,13.08
es,2021-10,0.75,6.92,9.42,28.34,8.81,5.25,0.9,22.59,17.01
es,2021-11,1.27,5.02,9.32,29.93,5.76,7.28,1.2,25.4,14.82
es,2021-12,0.97,4.17,8.88,30.74,6.28,8.9,1.19,26.27,12.59
es,2022-01,0.95,3.57,10.86,31.18,3.56,8.75,1.34,27.67,12.12
es,2022-02,1.23,4.18,12.04,28.08,4.63,6.46,1.73,27.38,14.28
es,2022-03,0.82,3.35,10.86,31.11,4.84,5.57,1.53,28.68,13.24
es,2022-04,0.66,2.58,10.81,35.65,4.01,5.65,1.66,27.85,11.12
es,2022-05,0.82,2.8,10.59,36.89,3.85,4.91,1.99,27.23,10.91
es,2022-06,0.99,4.42,12.19,35.98,5.73,4.91,2.38,23.9,9.5
es,2022-07,0.74,3.02,13.56,38.84,3.92,6.39,3.35,23.54,6.64
es,2022-08,1.73,2.15,10.82,40.47,1.41,6.72,2.6,25.78,8.33
es,2022-09,0.63,9.03,8.8,26.12,15.19,3.8,0.7,19.61,16.12
es,2022-10,0.92,6.75,8.34,27.28,8.83,4.0,0.95,24.57,18.36
es,2022-11,0.94,4.81,9.03,28.83,6.28,4.95,1.31,27.39,16.46
es,2022-12,1.22,3.74,8.73,30.63,6.63,5.68,1.4,28.61,13.36
es,2023-01,1.47,3.0,11.05,30.44,4.01,5.41,1.92,29.18,13.54
es,2023-02,0.97,3.5,11.49,29.75,4.61,4.69,2.29,28.39,14.31
es,2023-03,0.96,2.98,11.58,32.82,1.62,5.69,2.49,32.52,9.33
es,2023-04,1.01,2.53,11.38,35.51,1.14,5.5,2.52,30.59,9.82
es,2023-05,0.84,2.43,11.01,34.11,0.81,5.77,2.61,32.37,10.04
es,2023-06,1.06,2.78,12.02,33.46,2.2,6.21,2.05,30.31,9.91
es,2023-07,0.86,2.8,12.08,39.39,1.96,7.62,2.22,25.75,7.33
es,2023-08,1.26,1.45,10.81,40.4,1.13,8.13,3.51,26.15,7.17
es,2023-09,0.75,8.43,10.77,29.19,10.5,5.55,2.19,21.92,10.7
es,2023-10,0.83,5.32,10.22,28.14,4.87,6.11,2.39,29.11,13.0
es,2023-11,1.03,4.52,9.73,26.74,5.49,5.55,2.24,27.17,17.53
es,2023-12,1.39,3.7,9.1,27.98,6.13,6.18,1.43,30.05,14.03
fr,2017-01,5.94,2.93,9.26,23.95,1.63,5.34,1.44,42.8,6.71
fr,2017-02,5.29,2.46,9.41,24.92,1.27,5.51,0.61,44.41,6.11
fr,2017-03,5.18,2.95,9.67,22.26,0.97,6.25,0.51,46.3,5.91
fr,2017-04,3.54,2.12,12.59,23.68,2.72,7.11,0.37,41.23,6.63
fr,2017-05,4.14,2.4,10.64,27.15,2.67,6.5,0.43,39.94,6.15
fr,2017-06,4.48,2.49,10.46,27.92,2.49,5.19,0.46,40.36,6.15
fr,2017-07,4.0,1.8,10.94,27.13,3.5,5.96,0.71,40.96,5.0
fr,2017-08,3.3,2.46,11.43,28.52,2.42,5.3,0.87,40.98,4.72
fr,2017-09,2.58,8.33,11.76,19.75,2.44,3.54,0.81,39.1,11.69
fr,2017-10,2.6,5.88,11.59,23.3,2.1,3.96,0.9,40.96,8.72
fr,2017-11,2.45,6.12,10.9,25.12,2.05,5.58,1.12,38.99,7.66
fr,2017-12,2.7,7.1,10.02,26.35,2.6,6.2,0.62,36.76,7.65
fr,2018-01,2.29,5.64,11.1,26.24,2.6,5.57,0.66,39.86,6.04
fr,2018-02,3.45,6.36,11.54,22.96,2.21,5.2,0.89,41.57,5.82
fr,2018-03,3.32,6.1,11.48,24.93,1.96,5.06,0.75,40.85,5.56
fr,2018-04,3.06,4.96,12.3,26.71,1.6,3.93,0.52,40.07,6.84
fr,2018-05,1.91,4.45,11.77,25.95,1.46,3.42,0.96,43.11,6.97
fr,2018-06,2.6,4.82,11.41,23.95,1.45,3.02,1.14,42.29,9.33
fr,2018-07,3.18,3.01,11.12,29.51,2.21,5.18,0.53,39.7,5.56
fr,2018-08,2.41,2.72,9.65,35.7,1.56,3.82,0.48,38.06,5.59
fr,2018-09,1.58,8.78,8.38,24.26,1.98,2.32,0.74,37.64,14.31
fr,2018-10,0.84,6.62,8.44,23.19,1.47,3.8,0.65,42.91,12.07
fr,2018-11,0.81,6.63,8.51,23.58,1.28,4.04,0.84,43.31,10.99
fr,2018-12,1.17,6.33,8.35,24.14,2.2,3.77,0.65,44.7,8.69
fr,2019-01,3.92,6.02,9.28,21.53,2.13,3.06,0.44,44.13,9.48
fr,2019-02,3.64,5.99,10.64,20.48,1.76,5.35,0.25,41.29,10.59
fr,2019-03,3.51,5.81,12.92,18.81,1.23,4.7,0.43,41.7,10.89
fr,2019-04,2.95,4.68,12.51,22.56,1.04,5.15,0.36,40.94,9.82
fr,2019-05,3.38,4.8,13.59,22.61,0.66,4.3,0.39,40.03,10.25
fr,2019-06,3.51,4.21,13.69,24.71,0.4,5.57,0.35,35.77,11.78
fr,2019-07,3.08,2.34,12.26,32.47,1.38,7.82,0.12,33.39,7.15
fr,2019-08,4.09,3.33,11.75,34.89,0.74,5.82,0.26,32.57,6.56
fr,2019-09,3.11,10.67,9.58,22.12,1.74,2.86,0.67,32.1,17.16
fr,2019-10,3.07,7.52,10.01,21.17,1.18,3.64,1.19,37.66,14.56
fr,2019-11,3.77,7.11,10.75,19.47,0.84,5.3,1.55,36.0,15.23
fr,2019-12,3.23,5.68,9.94,21.26,1.81,5.98,0.84,38.73,12.52
fr,2020-01,3.35,5.61,9.95,19.92,1.55,5.62,0.72,41.74,11.54
fr,2020-02,2.67,4.84,11.3,22.19,1.74,6.46,1.28,38.51,11.01
fr,2020-03,3.15,7.31,8.98,21.07,1.3,9.13,1.27,34.08,13.71
fr,2020-04,3.01,4.89,6.06,29.73,0.78,10.14,1.36,32.42,11.61
fr,2020-05,1.88,4.28,7.84,32.37,0.71,9.69,1.42,31.31,10.51
fr,2020-06,1.39,3.85,12.2,33.92,0.6,8.65,1.5,29.36,8.53
fr,2020-07,1.55,2.11,13.83,39.1,0.98,6.75,1.82,26.89,6.99
fr,2020-08,1.67,2.54,13.12,40.87,0.78,6.53,1.46,25.6,7.44
fr,2020-09,1.31,10.52,10.04,29.0,1.26,3.89,1.27,26.19,16.51
fr,2020-10,1.94,7.59,10.49,28.11,0.87,5.3,1.28,29.91,14.5
fr,2020-11,1.56,7.58,8.15,27.17,0.9,7.09,1.37,32.13,14.04
fr,2020-12,1.87,5.69,10.71,27.62,0.97,7.35,1.79,33.58,10.43
fr,2021-01,1.93,5.23,12.17,24.93,0.99,7.07,2.14,34.12,11.41
fr,2021-02,1.87,4.84,11.78,26.96,1.16,6.45,2.33,33.19,11.41
fr,2021-03,1.82,4.95,12.19,29.46,0.72,6.42,1.8,32.58,10.07
fr,2021-04,1.73,5.02,10.2,33.64,0.61,6.78,1.59,30.44,9.99
fr,2021-05,1.54,3.6,10.94,34.34,0.7,6.22,1.37,31.65,9.64
fr,2021-06,1.35,3.75,12.3,34.49,0.92,5.53,1.16,31.53,8.97
fr,2021-07,2.14,2.18,12.04,38.63,1.3,6.06,1.05,29.84,6.75
fr,2021-08,1.94,2.66,10.71,40.17,0.74,5.06,0.79,31.09,6.84
fr,2021-09,1.12,12.68,7.19,30.64,1.92,3.77,0.8,27.08,14.78
fr,2021-10,1.06,9.28,8.27,30.26,1.14,4.57,0.53,28.34,16.55
fr,2021-11,1.38,6.93,8.55,30.98,0.77,6.29,0.79,31.45,12.85
fr,2021-12,1.84,6.62,8.9,29.12,0.96,7.83,0.4,32.62,11.71
fr,2022-01,1.62,7.25,9.34,27.34,1.17,7.86,0.53,32.24,12.64
fr,2022-02,1.9,4.74,10.47,27.34,1.69,7.8,1.26,31.68,13.11
fr,2022-03,1.44,5.8,10.06,28.84,1.16,6.73,0.92,32.38,12.67
fr,2022-04,1.66,4.93,9.65,33.31,0.81,6.74,0.81,30.29,11.81
fr,2022-05,1.89,4.75,10.36,34.0,0.55,6.82,0.95,28.89,11.78
fr,2022-06,1.71,4.47,10.62,33.15,0.84,6.74,0.59,29.53,12.35
fr,2022-07,1.57,3.03,11.5,35.14,1.57,7.77,0.64,29.62,9.14
fr,2022-08,2.24,3.3,10.23,39.12,0.71,6.41,0.69,28.2,9.1
fr,2022-09,1.62,14.08,8.14,26.45,2.24,2.76,0.46,26.1,18.15
fr,2022-10,1.31,9.43,8.16,28.11,1.61,3.58,0.92,29.42,17.48
fr,2022-11,1.35,7.89,8.77,26.38,1.05,4.62,1.11,33.36,15.47
fr,2022-12,1.18,6.34,9.23,27.02,1.02,4.95,0.69,35.02,14.56
fr,2023-01,1.27,6.17,9.64,24.92,1.38,4.38,1.1,36.27,14.87
fr,2023-02,1.39,4.65,9.6,28.73,1.61,4.6,1.04,34.98,13.41
fr,2023-03,1.17,3.27,9.51,29.45,0.8,3.65,1.04,36.38,14.73
fr,2023-04,1.77,2.66,9.81,31.67,0.82,3.15,0.42,37.07,12.63
fr,2023-05,1.25,2.89,9.64,36.31,0.69,4.01,0.19,31.7,13.33
fr,2023-06,1.39,3.12,10.21,35.69,1.05,3.68,0.2,30.94,13.72
fr,2023-07,1.26,1.63,10.35,39.13,1.2,4.23,0.43,31.94,9.83
fr,2023-08,1.46,1.34,9.79,38.69,0.78,4.34,1.05,33.0,9.57
fr,2023-09,1.22,9.07,8.41,28.95,2.14,3.56,0.76,30.59,15.31
fr,2023-10,1.27,5.66,8.66,29.9,1.26,4.58,1.04,32.53,15.1
fr,2023-11,1.32,7.8,8.51,26.9,1.58,5.03,1.1,32.48,15.28
fr,2023-12,1.83,7.82,8.87,23.13,1.43,5.2,1.04,35.34,15.35
gb,2017-01,5.9,3.17,10.89,26.01,4.85,7.27,1.39,26.05,14.47
gb,2017-02,4.92,3.25,12.21,22.07,4.96,7.23,1.27,29.74,14.36
gb,2017-03,5.77,3.13,13.68,22.56,5.22,7.77,1.09,26.48,14.31
gb,2017-04,5.35,3.23,12.82,26.57,4.63,8.13,1.15,23.9,14.2
gb,2017-05,5.62,3.29,13.62,25.46,5.31,6.69,1.65,23.97,14.39
gb,2017-06,5.18,1.88,12.87,29.67,4.47,7.5,1.79,24.28,12.37
gb,2017-07,5.37,1.35,13.51,28.58,4.41,7.42,2.18,26.92,10.25
gb,2017-08,5.13,2.24,12.5,30.9,2.3,6.66,1.95,28.01,10.31
gb,2017-09,4.32,9.9,9.11,22.55,10.76,3.17,1.35,21.69,17.14
gb,2017-10,4.52,5.56,8.75,22.69,8.9,4.25,2.02,25.28,18.03
gb,2017-11,4.46,4.48,8.79,22.79,8.36,6.18,1.76,25.54,17.65
gb,2017-12,4.63,3.1,8.09,28.97,7.41,8.07,1.36,23.66,14.71
gb,2018-01,5.09,3.24,9.74,25.61,7.46,6.3,1.65,25.43,15.48
gb,2018-02,5.72,2.97,10.79,25.67,6.86,5.8,1.7,24.36,16.13
gb,2018-03,5.03,3.73,10.27,23.7,9.97,5.74,1.61,25.64,14.31
gb,2018-04,4.86,3.16,10.91,28.27,7.17,5.8,1.62,24.09,14.12
gb,2018-05,4.36,2.85,11.88,28.23,8.82,4.36,1.72,25.26,12.52
gb,2018-06,5.4,2.01,11.52,31.65,8.57,4.41,1.67,23.73,11.04
gb,2018-07,5.23,1.93,11.27,31.22,7.03,7.22,1.19,25.41,9.48
gb,2018-08,5.28,2.12,11.35,32.39,3.88,7.19,1.29,25.6,10.89
gb,2018-09,4.53,7.73,8.36,24.35,12.22,4.86,1.4,21.01,15.54
gb,2018-10,4.05,3.95,7.74,26.13,8.91,6.84,1.99,24.91,15.48
gb,2018-11,4.18,3.06,9.1,25.19,9.82,7.61,1.79,25.56,13.69
gb,2018-12,3.91,2.64,9.45,25.6,8.02,8.41,1.26,28.41,12.31
gb,2019-01,4.46,3.0,10.58,22.74,7.79,8.07,1.08,27.17,15.11
gb,2019-02,4.84,2.91,11.22,22.87,8.67,8.43,1.02,24.5,15.54
gb,2019-03,4.19,3.82,12.13,18.69,11.61,5.7,1.77,28.82,13.27
gb,2019-04,4.65,3.05,10.53,27.74,7.52,7.9,1.14,24.92,12.56
gb,2019-05,4.01,3.52,10.74,30.02,10.41,5.16,1.09,22.7,12.35
gb,2019-06,4.03,2.62,11.83,31.96,10.27,3.82,1.33,22.97,11.16
gb,2019-07,3.73,2.3,11.67,33.68,9.62,5.06,1.48,23.0,9.46
gb,2019-08,4.17,2.93,11.81,35.57,5.88,5.46,1.56,20.36,12.26
gb,2019-09,3.53,9.14,9.39,21.69,17.99,2.3,1.29,16.42,18.25
gb,2019-10,3.36,5.19,9.39,23.55,14.56,3.49,2.49,20.08,17.88
gb,2019-11,3.66,4.18,9.94,20.33,14.0,5.67,2.23,22.61,17.39
gb,2019-12,3.71,3.19,9.92,25.43,11.13,7.75,1.44,22.42,15.01
gb,2020-01,4.03,3.15,11.28,22.0,10.2,6.33,1.57,23.62,17.82
gb,2020-02,3.61,2.96,12.77,21.09,11.11,6.99,2.33,21.41,17.71
gb,2020-03,3.71,3.8,8.39,21.08,13.31,7.59,1.68,20.03,20.42
gb,2020-04,4.54,1.66,4.19,32.55,4.96,9.33,1.92,22.16,18.7
gb,2020-05,4.5,1.64,5.09,33.47,4.47,9.45,1.57,20.91,18.91
gb,2020-06,4.24,1.64,7.6,35.31,5.56,9.28,1.52,18.77,16.08
gb,2020-07,4.23,1.88,9.57,37.82,6.62,8.31,1.49,17.37,12.71
gb,2020-08,4.23,1.87,9.7,40.61,5.2,7.67,2.0,16.66,12.06
gb,2020-09,3.24,6.43,6.18,31.18,13.46,5.62,1.37,15.19,17.33
gb,2020-10,3.65,4.2,7.09,30.88,9.92,6.06,1.93,18.17,18.1
gb,2020-11,3.52,3.67,5.42,29.66,9.55,7.68,1.61,21.46,17.43
gb,2020-12,3.3,2.69,5.85,32.84,7.23,7.71,1.96,23.07,15.35
gb,2021-01,3.43,3.14,5.37,28.54,7.54,8.35,1.47,22.07,20.08
gb,2021-02,3.81,2.26,5.93,31.77,4.59,8.37,2.15,23.18,17.94
gb,2021-03,3.37,2.63,6.39,35.29,7.12,8.78,1.53,21.31,13.57
gb,2021-04,3.46,1.86,9.38,37.51,5.9,8.83,1.51,19.84,11.71
gb,2021-05,3.02,2.55,10.22,33.07,8.51,8.2,1.43,20.28,12.71
gb,2021-06,3.12,2.31,9.72,36.99,8.77,8.71,1.25,18.68,10.44
gb,2021-07,3.6,2.22,9.05,40.31,8.97,8.71,1.65,16.59,8.89
gb,2021-08,3.42,2.08,8.3,41.47,5.38,8.3,1.37,19.43,10.24
gb,2021-09,2.34,6.43,6.52,30.29,15.05,5.83,0.86,15.65,17.03
gb,2021-10,2.38,4.79,7.75,30.69,9.99,6.8,0.93,18.81,17.86
gb,2021-11,2.56,3.24,7.01,32.84,8.63,8.79,0.79,20.85,15.29
gb,2021-12,2.87,2.96,6.92,33.71,6.03,10.97,0.92,22.83,12.8
gb,2022-01,2.86,3.04,7.73,30.84,6.43,10.01,1.31,23.81,13.96
gb,2022-02,2.81,2.81,7.86,29.63,6.02,10.26,1.56,24.41,14.64
gb,2022-03,2.4,3.29,6.32,30.52,7.36,10.24,1.42,24.29,14.16
gb,2022-04,2.71,2.44,6.1,37.02,5.34,10.23,1.43,22.16,12.57
gb,2022-05,2.86,2.63,7.08,34.1,7.2,9.47,1.58,21.89,13.2
gb,2022-06,3.33,2.45,8.59,35.58,7.23,9.36,1.48,20.6,11.38
gb,2022-07,2.68,2.44,9.05,36.69,8.8,10.09,1.69,19.09,9.47
gb,2022-08,3.0,1.82,9.31,41.11,4.93,10.15,1.59,18.1,10.0
gb,2022-09,2.37,6.36,6.72,29.89,14.03,5.98,0.77,15.84,18.04
gb,2022-10,2.6,4.0,6.81,31.11,9.17,6.8,1.48,19.8,18.23
gb,2022-11,3.33,3.47,7.25,27.88,8.88,8.14,1.49,22.17,17.39
gb,2022-12,3.09,2.83,6.86,29.11,6.68,11.34,1.31,23.55,15.24
gb,2023-01,3.21,2.84,7.63,27.77,6.11,10.14,1.45,24.3,16.56
gb,2023-02,3.43,2.64,7.69,28.23,5.39,10.26,1.73,23.52,17.12
gb,2023-03,3.43,1.41,8.18,30.01,3.88,9.66,1.72,26.89,14.82
gb,2023-04,3.92,1.38,8.25,34.11,2.69,8.91,1.69,25.21,13.85
gb,2023-05,3.13,1.03,8.91,36.59,3.11,8.42,1.5,24.2,13.1
gb,2023-06,3.07,0.97,9.85,37.22,3.03,7.98,1.51,25.23,11.15
gb,2023-07,3.52,1.28,11.08,34.73,3.77,8.81,1.66,25.3,9.86
gb,2023-08,3.11,0.96,10.22,35.44,2.82,9.68,2.51,25.29,9.97
gb,2023-09,2.69,3.69,9.52,29.86,7.29,6.68,1.7,23.65,14.92
gb,2023-10,2.86,1.79,9.56,30.8,4.32,8.77,2.16,26.26,13.47
gb,2023-11,2.83,3.16,8.7,25.29,6.62,9.01,2.56,25.95,15.88
gb,2023-12,3.24,3.06,8.24,25.69,5.67,10.14,2.35,27.74,13.88
it,2017-01,3.62,3.85,10.64,23.15,0.11,3.45,1.83,49.3,4.04
it,2017-02,4.03,4.66,11.57,20.92,0.23,2.79,1.99,49.56,4.24
it,2017-03,3.16,3.31,12.64,20.85,0.14,4.64,1.74,48.46,5.06
it,2017-04,2.47,3.74,13.32,22.45,0.0,5.45,1.52,46.6,4.45
it,2017-05,2.0,3.45,12.43,22.91,0.0,4.69,1.73,48.74,4.04
it,2017-06,2.65,3.01,13.91,27.29,0.61,5.64,1.7,42.32,2.88
it,2017-07,2.8,1.71,14.56,28.87,0.0,5.92,2.02,42.25,1.87
it,2017-08,2.69,1.76,13.26,30.4,0.0,5.41,1.54,43.14,1.79
it,2017-09,2.37,6.74,12.08,20.73,3.04,4.4,1.34,43.06,6.24
it,2017-10,1.8,5.93,11.57,21.78,3.36,2.78,0.85,43.44,8.49
it,2017-11,1.87,4.33,11.41,23.26,2.79,3.68,0.97,43.34,8.36
it,2017-12,1.91,4.17,10.54,27.19,2.62,4.49,1.11,40.1,7.88
it,2018-01,1.93,3.71,11.46,24.56,3.16,3.43,1.42,43.06,7.28
it,2018-02,2.48,4.82,10.64,21.77,3.66,3.07,1.71,43.85,8.0
it,2018-03,2.38,5.26,10.68,24.16,3.64,3.78,1.6,40.19,8.31
it,2018-04,2.1,4.08,10.54,27.19,3.64,3.09,1.7,40.31,7.34
it,2018-05,1.35,5.73,9.92,23.8,3.72,3.55,1.73,44.25,5.95
it,2018-06,2.22,5.42,9.71,29.13,3.15,4.24,1.53,38.84,5.77
it,2018-07,3.21,2.91,9.47,38.02,1.0,8.39,1.15,30.98,4.87
it,2018-08,2.9,2.7,7.64,39.17,1.12,6.03,0.94,34.72,4.78
it,2018-09,2.17,10.48,8.57,26.92,4.81,4.09,1.07,32.76,9.13
it,2018-10,1.75,9.18,8.72,23.84,5.27,3.94,1.18,33.53,12.58
it,2018-11,1.6,7.7,8.33,26.9,4.25,6.13,1.18,32.66,11.26
it,2018-12,1.52,6.19,7.66,29.05,3.67,7.58,0.92,35.06,8.35
it,2019-01,2.33,6.18,9.58,25.02,3.59,9.19,1.1,34.95,8.07
it,2019-02,1.94,7.13,11.17,21.82,4.0,6.98,1.41,36.22,9.32
it,2019-03,1.97,5.95,10.34,21.84,3.83,7.53,1.31,36.82,10.41
it,2019-04,2.61,4.91,10.48,26.68,3.7,7.98,1.21,34.45,7.99
it,2019-05,2.45,6.66,10.01,25.09,3.91,6.31,1.36,36.59,7.61
it,2019-06,2.03,6.55,10.69,29.9,3.46,7.26,1.45,32.89,5.77
it,2019-07,2.7,3.83,10.29,32.58,1.66,8.97,1.16,34.46,4.35
it,2019-08,3.34,2.81,8.82,37.57,1.27,7.31,1.82,33.0,4.07
it,2019-09,2.9,12.85,8.84,23.96,5.27,2.76,1.96,31.53,9.93
it,2019-10,2.03,11.44,9.0,22.29,6.03,1.62,1.66,32.62,13.32
it,2019-11,2.9,8.36,8.49,22.85,5.2,2.81,2.33,35.16,11.9
it,2019-12,2.37,6.89,8.84,25.39,4.05,3.74,1.79,36.5,10.42
it,2020-01,3.12,6.22,8.44,26.26,3.78,4.64,1.97,36.18,9.39
it,2020-02,2.68,6.65,9.32,25.86,4.62,4.73,2.19,34.07,9.87
it,2020-03,2.95,4.35,4.18,29.63,5.02,5.23,1.45,32.3,14.89
it,2020-04,2.38,1.83,2.15,32.61,3.56,6.27,2.32,34.84,14.05
it,2020-05,1.72,2.49,3.29,33.7,3.07,5.81,2.23,34.41,13.28
it,2020-06,2.34,2.38,8.1,39.47,3.14,6.74,2.44,26.14,9.24
it,2020-07,2.46,1.45,10.1,45.7,1.54,5.92,3.22,22.41,7.18
it,2020-08,2.27,0.55,9.08,46.38,1.24,5.55,3.65,24.85,6.44
it,2020-09,1.33,12.94,7.66,33.77,5.35,4.72,2.87,21.26,10.1
it,2020-10,1.27,9.65,6.45,32.78,5.74,3.54,1.92,24.85,13.79
it,2020-11,0.87,7.52,5.28,31.41,4.57,4.21,1.55,30.24,14.34
it,2020-12,0.87,7.51,5.09,31.03,3.48,5.16,1.33,33.43,12.11
it,2021-01,0.95,5.48,6.9,30.49,3.27,4.81,1.83,33.96,12.33
it,2021-02,0.78,7.31,7.59,30.14,4.01,4.51,2.75,30.63,12.29
it,2021-03,0.91,6.35,7.14,31.56,3.59,5.66,2.41,30.69,11.69
it,2021-04,1.03,5.07,7.69,32.51,3.16,5.86,2.3,32.25,10.13
it,2021-05,0.76,6.44,8.29,33.04,3.22,5.74,2.25,30.61,9.64
it,2021-06,0.57,6.03,10.05,36.26,3.05,5.96,2.78,27.89,7.41
it,2021-07,1.11,2.77,9.77,40.11,1.33,6.78,2.13,29.26,6.76
it,2021-08,0.68,2.58,8.85,41.53,1.95,5.5,2.08,29.92,6.89
it,2021-09,0.47,13.15,7.27,31.25,7.08,4.33,1.59,25.52,9.35
it,2021-10,0.52,10.9,7.06,30.83,7.38,3.82,0.98,24.95,13.56
it,2021-11,0.75,8.02,6.57,33.3,5.64,5.09,1.02,27.25,12.36
it,2021-12,0.83,6.38,8.22,33.06,4.61,6.83,0.9,27.75,11.43
it,2022-01,0.73,4.21,9.04,33.39,4.33,7.41,1.27,28.66,10.96
it,2022-02,0.68,4.71,7.94,32.78,4.59,6.95,1.54,28.67,12.14
it,2022-03,0.38,3.63,8.26,34.99,4.15,5.37,1.55,29.48,12.19
it,2022-04,0.5,3.61,8.14,38.05,3.72,5.33,1.61,28.69,10.35
it,2022-05,0.83,4.63,8.55,38.73,3.61,4.84,1.45,27.21,10.16
it,2022-06,0.72,4.33,9.42,42.71,3.91,5.96,1.62,23.31,8.01
it,2022-07,0.72,3.22,10.24,41.39,2.64,7.03,2.23,24.62,7.91
it,2022-08,1.5,1.98,8.56,44.11,2.56,6.62,2.11,25.21,7.35
it,2022-09,0.97,11.07,6.52,31.9,7.36,4.12,1.61,23.59,12.86
it,2022-10,0.8,9.25,5.96,31.99,6.64,3.39,0.85,25.62,15.49
it,2022-11,0.71,6.8,6.32,31.41,5.19,4.02,1.39,28.66,15.51
it,2022-12,0.72,5.93,5.87,33.52,4.51,5.1,1.59,29.32,13.44
it,2023-01,0.93,5.26,6.38,32.99,4.37,4.73,1.79,31.16,12.37
it,2023-02,0.81,5.12,7.38,32.23,4.31,5.71,1.57,30.07,12.79
it,2023-03,0.77,4.75,8.43,32.07,3.46,5.36,1.31,34.61,9.23
it,2023-04,0.76,3.45,9.53,35.07,3.09,4.71,1.34,32.94,9.1
it,2023-05,0.74,4.76,9.27,35.07,3.19,5.39,1.13,31.16,9.28
it,2023-06,0.75,3.97,10.51,39.1,3.25,6.08,1.3,26.98,8.07
it,2023-07,0.8,2.68,10.87,42.29,2.4,5.76,1.36,27.09,6.74
it,2023-08,0.94,1.76,9.08,43.6,2.65,5.1,1.73,28.69,6.46
it,2023-09,0.85,8.76,9.2,33.0,6.03,4.69,1.25,27.65,8.57
it,2023-10,0.87,7.55,8.96,32.8,5.32,4.19,1.53,28.79,9.98
it,2023-11,0.89,6.78,7.36,32.52,4.21,4.11,1.28,27.93,14.93
it,2023-12,0.89,7.65,7.52,31.71,3.94,4.56,0.89,28.65,14.19
jp,2017-01,6.86,0.79,3.05,18.06,3.77,12.09,0.61,51.09,3.68
jp,2017-02,8.25,0.87,3.94,15.87,4.24,9.71,0.15,52.91,4.06
jp,2017-03,7.77,1.66,3.62,15.41,4.36,9.14,0.0,53.32,4.72
jp,2017-04,7.18,5.59,2.35,14.21,4.87,8.24,0.0,50.63,6.93
jp,2017-05,7.55,1.92,2.24,17.04,2.97,9.99,0.0,51.76,6.52
jp,2017-06,7.34,2.21,2.14,15.74,2.7,9.22,0.2,54.84,5.61
jp,2017-07,8.02,2.79,1.55,18.18,3.32,10.01,0.13,50.85,5.16
jp,2017-08,6.85,2.01,2.06,22.0,2.73,11.18,0.0,49.21,3.96
jp,2017-09,6.04,2.4,2.27,19.75,2.56,9.16,0.05,53.3,4.47
jp,2017-10,5.88,1.29,2.55,18.21,2.51,8.33,0.16,56.29,4.79
jp,2017-11,6.13,0.79,2.73,17.32,2.5,9.63,0.01,56.65,4.24
jp,2017-12,7.65,0.76,2.2,16.49,3.52,9.74,0.17,55.92,3.54
jp,2018-01,7.45,1.11,2.83,16.04,3.01,9.59,0.45,56.71,2.81
jp,2018-02,7.04,0.96,3.17,13.91,3.27,9.89,0.01,58.48,3.26
jp,2018-03,5.75,1.74,3.06,15.32,3.82,9.26,0.59,56.16,4.29
jp,2018-04,4.52,5.79,2.03,15.75,4.1,6.64,0.0,54.12,7.05
jp,2018-05,6.09,2.24,2.77,17.69,3.02,5.14,0.16,56.33,6.56
jp,2018-06,7.23,1.6,2.44,17.45,2.84,6.28,0.23,56.29,5.63
jp,2018-07,7.86,1.3,1.56,19.71,3.54,10.63,0.05,50.33,5.03
jp,2018-08,7.86,1.17,2.05,20.74,3.0,10.66,0.08,50.47,3.96
jp,2018-09,7.84,2.33,1.93,18.87,2.66,8.15,0.12,53.92,4.18
jp,2018-10,8.06,1.44,2.73,19.2,2.36,8.37,0.01,53.3,4.53
jp,2018-11,8.49,2.07,2.21,18.34,2.34,8.13,0.01,53.39,5.02
jp,2018-12,8.23,1.91,2.49,16.71,3.98,9.13,0.17,52.79,4.58
jp,2019-01,7.52,1.88,2.29,16.36,3.78,9.7,0.42,54.52,3.53
jp,2019-02,7.8,1.92,2.84,14.73,4.92,8.8,0.04,55.07,3.89
jp,2019-03,8.03,2.84,3.73,13.76,5.09,7.31,0.01,53.92,5.3
jp,2019-04,7.18,6.43,1.99,15.67,4.94,7.58,0.0,47.54,8.66
jp,2019-05,7.51,3.11,2.51,17.3,3.03,7.7,0.22,51.58,7.04
jp,2019-06,7.19,2.72,2.5,16.9,2.86,7.62,1.01,53.43,5.77
jp,2019-07,8.13,2.63,2.41,19.42,4.09,8.68,1.02,48.08,5.54
jp,2019-08,9.1,2.06,2.92,20.84,3.41,9.53,0.85,47.0,4.29
jp,2019-09,8.62,3.28,3.03,15.36,3.96,9.5,0.52,50.4,5.33
jp,2019-10,7.37,2.49,2.54,14.98,4.47,9.2,0.54,52.87,5.54
jp,2019-11,6.82,1.84,2.22,13.58,4.23,8.06,0.67,56.84,5.74
jp,2019-12,6.45,1.96,2.26,14.4,4.51,9.4,0.55,54.43,6.05
jp,2020-01,7.58,1.3,2.51,14.65,3.61,9.84,0.94,53.99,5.57
jp,2020-02,6.94,1.35,2.92,14.02,4.6,9.24,1.46,52.55,6.92
jp,2020-03,5.64,2.84,2.39,14.52,6.2,10.2,1.05,44.51,12.65
jp,2020-04,4.21,6.76,1.02,16.03,6.35,9.26,0.22,41.92,14.22
jp,2020-05,5.25,5.02,0.67,18.03,5.04,10.33,0.39,43.43,11.83
jp,2020-06,4.23,2.95,1.68,19.01,5.45,8.93,1.63,46.19,9.93
jp,2020-07,4.76,2.13,2.0,17.52,5.39,8.6,1.86,47.5,10.23
jp,2020-08,5.48,2.07,2.47,19.12,4.67,9.95,1.3,45.13,9.8
jp,2020-09,7.07,2.7,2.58,16.49,4.9,9.09,2.43,45.61,9.14
jp,2020-10,5.72,1.89,2.46,15.95,5.92,8.79,2.64,46.61,10.03
jp,2020-11,6.09,2.08,1.8,14.83,5.57,8.82,1.77,48.07,10.96
jp,2020-12,5.21,2.99,2.2,15.52,6.94,8.71,1.16,47.05,10.21
jp,2021-01,6.04,3.19,2.53,13.69,6.25,8.85,1.37,48.19,9.89
jp,2021-02,5.98,1.96,3.25,12.31,7.86,8.38,2.0,47.71,10.56
jp,2021-03,5.48,4.72,2.91,12.61,8.8,8.09,1.16,44.52,11.71
jp,2021-04,3.59,10.71,1.53,12.4,9.25,6.03,0.6,40.27,15.63
jp,2021-05,4.2,4.99,1.61,14.22,7.24,7.48,0.97,47.26,12.04
jp,2021-06,3.74,2.69,2.08,13.81,6.29,7.23,1.86,50.76,11.54
jp,2021-07,3.81,1.9,2.02,16.57,6.83,9.74,1.37,46.1,11.65
jp,2021-08,4.18,1.32,2.07,20.56,6.03,11.08,1.06,42.31,11.38
jp,2021-09,3.52,1.81,2.03,18.73,6.86,9.52,1.55,43.34,12.64
jp,2021-10,3.94,2.49,1.99,19.02,7.24,8.54,1.74,42.05,12.99
jp,2021-11,3.95,2.4,1.53,22.06,5.72,9.99,1.26,41.91,11.17
jp,2021-12,3.77,2.44,1.75,19.19,7.81,12.14,1.15,40.39,11.37
jp,2022-01,4.09,2.67,2.26,17.04,6.62,11.33,1.3,44.14,10.55
jp,2022-02,4.13,2.33,3.21,15.3,7.9,11.62,1.54,42.26,11.72
jp,2022-03,4.04,5.01,2.85,15.26,9.5,11.22,1.44,38.14,12.53
jp,2022-04,3.86,10.21,1.11,14.56,9.93,8.21,0.94,34.91,16.27
jp,2022-05,4.88,4.92,2.67,17.17,7.32,10.09,1.69,38.96,12.31
jp,2022-06,5.16,3.64,2.7,17.15,6.83,9.37,1.88,42.11,11.15
jp,2022-07,5.2,3.8,2.14,18.88,9.25,10.53,2.13,36.83,11.24
jp,2022-08,6.08,2.39,2.46,20.92,6.79,11.67,1.82,36.99,10.88
jp,2022-09,4.62,3.46,2.75,19.82,8.53,10.25,2.12,37.09,11.35
jp,2022-10,5.01,3.38,3.49,18.47,9.07,9.35,1.23,38.37,11.63
jp,2022-11,4.82,3.29,2.97,17.23,8.69,10.1,1.41,39.13,12.36
jp,2022-12,3.98,3.03,3.11,16.44,9.74,10.99,1.82,38.59,12.3
jp,2023-01,3.69,3.0,3.35,15.55,7.84,11.26,2.09,42.38,10.84
jp,2023-02,4.02,3.02,3.3,14.3,9.33,11.53,2.5,40.7,11.31
jp,2023-03,5.39,3.94,3.35,14.9,7.77,11.68,1.36,41.07,10.54
jp,2023-04,4.37,7.06,2.59,14.05,9.25,9.07,1.5,39.04,13.07
jp,2023-05,5.06,4.58,2.97,15.25,6.92,9.77,1.88,42.61,10.96
jp,2023-06,4.43,4.33,2.56,14.15,7.53,9.74,1.33,45.23,10.68
jp,2023-07,4.12,4.04,3.02,15.34,7.73,11.55,1.09,41.73,11.39
jp,2023-08,4.61,3.72,3.33,16.72,7.21,11.84,1.15,40.34,11.08
jp,2023-09,4.2,4.63,4.48,15.32,7.87,9.73,1.48,41.6,10.7
jp,2023-10,4.12,3.69,5.14,16.4,7.22,10.3,1.15,41.28,10.69
jp,2023-11,3.89,3.14,3.66,15.36,9.35,9.65,1.33,41.63,12.0
jp,2023-12,3.97,3.02,3.59,13.23,11.59,10.21,1.54,41.08,11.78
no,2017-01,3.84,0.75,5.74,25.55,0.22,9.46,1.08,43.99,9.37
no,2017-02,3.15,0.29,6.07,27.37,0.16,9.28,0.71,44.61,8.37
no,2017-03,3.56,0.3,6.72,22.76,0.57,10.22,0.75,45.78,9.35
no,2017-04,3.6,0.13,7.06,22.84,0.33,12.02,0.6,44.35,9.07
no,2017-05,3.3,0.08,6.67,24.41,0.28,11.1,0.84,43.96,9.37
no,2017-06,3.43,0.09,6.94,24.15,0.33,11.86,1.16,42.47,9.57
no,2017-07,4.68,0.03,6.53,25.98,0.05,12.52,1.06,41.85,7.29
no,2017-08,3.62,3.18,6.01,24.02,0.51,10.59,0.97,40.09,11.01
no,2017-09,2.36,4.74,5.27,21.67,0.3,8.92,0.74,43.66,12.36
no,2017-10,3.52,3.31,5.34,24.67,0.04,9.68,0.94,40.97,11.54
no,2017-11,3.28,2.72,5.27,24.47,0.2,10.32,1.11,41.26,11.37
no,2017-12,2.86,1.76,5.82,27.09,0.02,13.13,0.97,38.42,9.94
no,2018-01,2.73,1.8,7.28,27.16,0.63,11.76,0.93,36.21,11.5
no,2018-02,2.66,1.4,7.16,27.56,0.05,11.2,1.49,37.02,11.45
no,2018-03,4.7,1.54,7.34,28.0,0.03,10.48,1.66,36.0,10.25
no,2018-04,3.92,1.54,7.89,27.75,0.14,8.8,1.63,38.06,10.27
no,2018-05,2.84,1.46,7.93,27.26,0.39,9.25,1.53,40.14,9.19
no,2018-06,3.14,1.14,8.08,30.19,0.36,9.38,1.63,36.49,9.6
no,2018-07,3.24,0.84,8.33,34.36,0.64,15.21,0.51,30.12,6.75
no,2018-08,3.24,5.38,8.41,31.14,1.08,9.23,0.53,29.39,11.6
no,2018-09,2.79,6.16,8.62,27.4,1.79,7.97,0.78,32.27,12.22
no,2018-10,2.94,3.63,8.25,26.47,1.67,12.02,0.75,33.1,11.17
no,2018-11,2.89,2.56,7.01,27.44,1.63,12.92,0.66,34.33,10.56
no,2018-12,2.24,1.99,5.85,28.94,1.87,14.7,0.8,33.89,9.73
no,2019-01,2.15,1.98,6.73,25.85,2.99,14.5,1.11,33.55,11.14
no,2019-02,3.38,1.38,6.71,26.38,2.93,13.04,1.1,34.08,11.01
no,2019-03,3.42,1.72,7.51,22.01,2.66,12.66,1.69,39.55,8.77
no,2019-04,3.31,1.17,7.29,29.19,1.76,11.8,2.82,33.47,9.2
no,2019-05,3.36,1.01,7.57,28.64,2.13,8.87,3.36,34.33,10.73
no,2019-06,3.48,1.14,7.91,28.61,2.81,10.45,3.0,32.76,9.85
no,2019-07,3.61,0.73,7.35,33.49,1.24,13.2,1.36,31.94,7.08
no,2019-08,3.63,5.07,6.34,29.81,4.25,8.68,2.27,28.33,11.62
no,2019-09,4.06,6.82,6.01,23.74,4.82,5.97,2.68,33.02,12.89
no,2019-10,3.52,5.54,6.9,24.88,4.17,7.93,2.91,32.61,11.53
no,2019-11,3.12,4.64,5.75,24.05,4.59,7.25,2.6,35.16,12.85
no,2019-12,2.32,3.08,5.55,28.35,3.8,10.5,1.7,34.63,10.07
no,2020-01,3.14,3.85,5.84,25.0,4.9,9.59,2.14,33.91,11.63
no,2020-02,3.09,3.27,6.61,25.91,4.57,10.68,2.39,32.74,10.75
no,2020-03,2.99,2.53,4.52,27.68,4.36,13.09,2.13,30.16,12.54
no,2020-04,3.07,0.97,3.16,34.3,3.13,13.52,2.11,28.45,11.3
no,2020-05,2.59,1.79,5.45,32.14,3.49,10.82,2.03,30.44,11.26
no,2020-06,2.92,3.27,8.51,33.1,3.49,9.26,2.18,27.42,9.85
no,2020-07,2.62,1.38,10.63,37.22,1.76,11.29,1.41,25.62,8.07
no,2020-08,1.8,6.22,8.9,35.81,5.83,6.98,1.32,22.19,10.95
no,2020-09,1.9,6.29,7.65,33.3,5.5,7.26,1.4,25.68,11.03
no,2020-10,2.02,5.04,7.49,34.1,4.83,8.46,2.12,25.53,10.4
no,2020-11,1.31,4.02,5.98,31.14,4.88,11.02,2.11,29.3,10.24
no,2020-12,1.24,2.28,5.42,34.34,4.64,11.72,2.25,28.48,9.64
no,2021-01,0.85,2.69,6.65,30.23,5.11,12.17,2.57,28.52,11.21
no,2021-02,0.9,2.13,7.41,29.51,5.4,11.8,3.93,28.2,10.71
no,2021-03,1.23,2.11,8.01,31.6,4.94,13.15,3.19,25.6,10.17
no,2021-04,1.67,2.13,7.99,34.28,4.39,11.99,2.22,26.09,9.24
no,2021-05,1.25,1.96,8.59,35.49,4.83,9.92,2.33,26.99,8.64
no,2021-06,0.98,3.41,8.42,37.74,5.59,7.49,2.5,25.32,8.54
no,2021-07,2.19,1.42,8.39,42.63,2.24,10.95,1.15,24.04,6.98
no,2021-08,1.46,5.31,8.08,37.56,7.39,5.86,1.16,22.25,10.94
no,2021-09,1.12,5.35,7.18,35.26,7.09,5.43,1.73,25.75,11.09
no,2021-10,1.05,4.74,8.41,32.99,6.19,7.59,2.06,26.28,10.7
no,2021-11,1.36,3.87,7.58,33.98,6.05,10.43,1.88,24.7,10.15
no,2021-12,1.56,2.54,6.57,33.2,5.5,13.01,1.43,27.57,8.61
no,2022-01,1.45,2.91,7.83,32.12,6.03,11.61,2.19,25.83,10.02
no,2022-02,1.26,2.91,7.62,32.15,6.02,11.36,2.24,25.18,11.25
no,2022-03,1.01,2.36,8.98,33.43,5.95,9.53,2.59,25.25,10.9
no,2022-04,0.62,2.29,9.34,36.95,4.58,8.73,1.56,26.93,8.98
no,2022-05,0.72,1.95,8.52,36.62,5.39,7.05,1.87,28.31,9.58
no,2022-06,0.61,2.0,9.81,38.02,5.89,6.71,1.82,26.23,8.9
no,2022-07,0.74,0.97,9.54,40.28,3.42,11.61,1.02,25.96,6.45
no,2022-08,1.52,4.98,8.15,34.94,7.42,7.84,1.27,23.25,10.64
no,2022-09,1.24,5.66,7.03,33.94,7.13,5.07,2.41,25.61,11.92
no,2022-10,1.79,3.69,5.9,34.7,5.61,7.2,2.24,28.26,10.62
no,2022-11,1.8,3.04,4.89,32.08,5.62,8.42,2.22,31.54,10.38
no,2022-12,2.09,2.69,5.0,32.95,5.19,10.16,1.78,30.71,9.42
no,2023-01,2.25,3.11,7.81,30.32,5.06,9.99,1.98,28.97,10.51
no,2023-02,1.42,2.23,8.19,32.97,4.19,9.91,2.21,28.84,10.05
no,2023-03,0.83,0.87,9.74,31.65,1.44,9.39,2.1,33.43,10.55
no,2023-04,0.97,0.92,10.08,34.85,1.38,9.5,1.77,30.93,9.61
no,2023-05,0.81,1.14,10.25,36.31,1.18,8.56,1.69,29.77,10.27
no,2023-06,0.83,1.74,10.78,36.93,1.51,7.34,1.64,29.09,10.15
no,2023-07,0.59,1.62,10.25,38.22,0.71,10.69,1.48,28.06,8.39
no,2023-08,1.17,3.51,8.17,35.5,2.84,7.63,2.16,28.5,10.52
no,2023-09,0.8,3.34,7.19,32.61,2.26,5.77,2.17,33.11,12.76
no,2023-10,0.95,1.4,7.34,33.28,1.63,8.07,2.13,33.66,11.53
no,2023-11,1.22,1.28,6.9,28.2,1.77,9.92,1.93,37.08,11.71
no,2023-12,1.52,1.05,5.95,29.88,2.17,10.73,1.84,36.59,10.28
pl,2017-01,2.45,0.91,4.34,29.01,1.84,3.32,0.04,52.71,5.39
pl,2017-02,2.92,1.38,4.69,28.35,2.01,4.96,0.0,51.65,4.04
pl,2017-03,2.15,1.86,6.44,24.45,1.82,4.65,0.0,54.02,4.61
pl,2017-04,2.15,0.88,8.23,25.15,1.88,4.41,0.0,52.01,5.28
pl,2017-05,1.22,0.47,8.79,26.86,1.9,3.6,0.0,51.35,5.81
pl,2017-06,1.84,1.1,7.21,28.73,1.94,3.25,0.03,50.48,5.41
pl,2017-07,1.43,0.5,4.82,31.14,1.32,4.18,0.0,53.8,2.81
pl,2017-08,0.56,1.09,4.82,31.96,1.67,3.78,0.0,52.83,3.29
pl,2017-09,1.04,7.11,4.5,24.45,2.07,2.13,0.0,52.08,6.61
pl,2017-10,1.29,5.92,4.87,25.38,1.75,2.4,0.0,52.91,5.48
pl,2017-11,1.33,3.27,6.03,25.12,1.84,3.93,0.0,52.92,5.56
pl,2017-12,1.22,2.51,5.5,27.5,1.96,4.98,0.0,50.26,6.08
pl,2018-01,1.47,1.56,7.06,25.51,1.84,4.61,0.01,52.79,5.15
pl,2018-02,1.25,2.83,6.74,24.33,1.71,4.34,0.06,53.34,5.39
pl,2018-03,1.43,3.08,6.66,25.08,1.78,4.13,0.17,51.59,6.09
pl,2018-04,1.17,1.91,6.1,28.13,1.75,2.83,0.1,51.91,6.1
pl,2018-05,0.67,1.56,6.79,27.74,1.46,2.78,0.02,53.11,5.87
pl,2018-06,0.89,1.33,5.5,32.21,1.19,3.04,0.0,49.72,6.12
pl,2018-07,1.61,0.81,5.07,35.43,0.28,8.54,0.02,43.62,4.6
pl,2018-08,1.35,3.34,4.76,35.86,0.76,5.75,0.0,43.33,4.86
pl,2018-09,0.68,7.37,4.72,26.84,2.65,2.93,0.0,46.8,8.01
pl,2018-10,0.8,6.34,4.55,27.19,2.3,4.58,0.0,46.36,7.87
pl,2018-11,0.94,4.15,4.07,29.0,2.14,7.59,0.0,44.95,7.16
pl,2018-12,0.58,3.1,4.08,30.61,1.91,10.01,0.0,43.89,5.81
pl,2019-01,0.88,3.42,5.36,25.3,1.81,10.75,0.0,47.03,5.44
pl,2019-02,1.14,5.22,5.85,22.04,1.86,7.55,0.0,51.07,5.27
pl,2019-03,1.39,2.93,6.01,21.37,1.72,7.36,0.0,54.25,4.96
pl,2019-04,1.58,1.3,5.6,28.1,1.54,9.05,0.02,48.12,4.68
pl,2019-05,1.61,1.73,6.39,27.37,1.81,5.36,0.0,50.08,5.66
pl,2019-06,1.59,2.09,6.17,28.65,1.49,5.41,0.0,49.68,4.92
pl,2019-07,2.13,0.51,6.53,29.83,0.48,7.46,0.0,49.89,3.17
pl,2019-08,2.95,2.32,6.14,30.81,1.09,5.9,0.0,47.65,3.15
pl,2019-09,2.84,7.97,5.55,23.22,4.38,1.55,0.0,46.06,8.44
pl,2019-10,2.37,7.91,6.75,23.05,3.6,1.33,0.01,45.6,9.39
pl,2019-11,2.71,3.84,7.68,21.56,3.25,3.33,0.12,48.48,9.01
pl,2019-12,2.11,2.36,6.93,25.63,3.2,4.42,0.0,47.16,8.2
pl,2020-01,2.4,2.1,7.81,24.51,3.34,5.0,0.0,47.48,7.35
pl,2020-02,2.11,3.24,8.73,23.25,4.57,5.45,0.02,44.97,7.66
pl,2020-03,1.78,3.68,6.51,26.52,4.28,5.87,0.06,41.56,9.73
pl,2020-04,1.08,1.86,2.95,32.13,2.93,8.06,0.62,40.69,9.68
pl,2020-05,0.9,1.66,6.84,30.61,3.24,7.69,0.33,38.62,10.1
pl,2020-06,1.09,1.23,8.95,33.65,2.32,7.49,0.36,35.58,9.33
pl,2020-07,1.19,0.75,9.9,40.42,1.32,5.77,0.38,35.93,4.33
pl,2020-08,0.96,1.99,8.51,39.98,2.31,4.3,0.15,35.94,5.87
pl,2020-09,0.39,8.06,6.97,29.49,7.36,3.48,0.12,32.37,11.75
pl,2020-10,0.42,7.07,6.2,28.29,6.51,4.1,0.07,33.71,13.63
pl,2020-11,0.82,2.89,5.54,28.96,4.35,7.67,0.0,37.39,12.38
pl,2020-12,0.49,1.71,6.22,31.56,3.69,7.83,0.2,37.82,10.48
pl,2021-01,0.81,1.1,8.33,29.75,3.55,8.37,0.42,38.66,9.03
pl,2021-02,0.59,2.48,7.49,27.96,4.42,7.15,0.91,37.4,11.6
pl,2021-03,0.57,2.84,6.75,30.58,3.94,6.9,0.61,36.75,11.05
pl,2021-04,1.05,2.13,7.77,32.94,3.18,7.32,0.14,35.29,10.19
pl,2021-05,0.53,2.17,8.35,36.42,3.07,5.85,0.3,33.06,10.24
pl,2021-06,0.99,2.68,9.44,38.5,3.15,5.54,0.33,31.38,7.99
pl,2021-07,1.87,1.01,9.57,41.09,1.48,6.0,0.08,34.64,4.27
pl,2021-08,1.57,2.03,8.09,40.42,2.59,4.53,0.31,33.7,6.75
pl,2021-09,1.32,7.3,5.85,32.45,5.96,3.28,0.07,30.86,12.9
pl,2021-10,1.25,7.26,6.45,31.05,4.48,3.89,0.0,31.73,13.88
pl,2021-11,1.12,3.73,6.43,32.82,4.15,6.49,0.07,33.02,12.18
pl,2021-12,1.19,3.35,6.26,32.99,4.28,7.49,0.02,32.82,11.59
pl,2022-01,1.18,2.49,7.46,31.81,4.31,7.86,0.05,33.86,10.98
pl,2022-02,1.04,2.19,7.7,32.4,3.54,7.76,0.0,33.12,12.25
pl,2022-03,0.9,2.58,7.66,29.4,3.25,5.38,0.07,37.83,12.93
pl,2022-04,0.89,2.37,7.37,30.66,3.26,6.02,0.2,37.59,11.63
pl,2022-05,0.91,2.06,8.33,33.48,3.32,5.8,0.2,33.33,12.57
pl,2022-06,1.0,1.93,8.81,36.16,3.11,5.67,0.28,33.48,9.56
pl,2022-07,1.26,0.88,8.0,37.47,2.52,7.17,0.32,36.04,6.35
pl,2022-08,1.29,2.03,6.46,37.19,3.01,7.04,0.42,34.47,8.1
pl,2022-09,0.86,8.9,5.14,28.44,6.64,5.01,0.04,30.03,14.95
pl,2022-10,0.85,8.17,5.1,29.07,4.25,4.72,0.16,33.14,14.54
pl,2022-11,0.91,5.38,5.69,26.64,3.71,6.26,0.25,37.25,13.9
pl,2022-12,1.07,4.67,5.33,29.28,3.66,6.22,0.2,37.49,12.1
pl,2023-01,1.06,4.5,6.25,27.41,3.52,5.67,0.4,39.28,11.92
pl,2023-02,1.0,4.71,6.06,28.43,3.01,6.73,0.4,36.94,12.71
pl,2023-03,1.12,3.15,5.96,28.62,0.98,6.98,0.56,38.61,14.01
pl,2023-04,0.88,2.86,6.39,32.35,1.16,5.74,0.51,36.86,13.25
pl,2023-05,0.83,2.4,6.35,34.38,1.42,6.03,0.46,34.44,13.69
pl,2023-06,0.92,1.61,7.54,35.98,1.17,6.41,0.54,36.07,9.76
pl,2023-07,0.86,1.23,7.01,36.87,0.78,7.02,0.48,39.05,6.7
pl,2023-08,0.93,2.29,6.26,36.54,1.2,7.07,0.99,37.07,7.65
pl,2023-09,0.79,8.01,5.62,27.46,3.26,5.54,0.43,34.69,14.21
pl,2023-10,0.8,7.66,5.41,27.02,2.08,6.19,0.8,34.23,15.81
pl,2023-11,0.87,4.64,5.67,27.84,3.62,7.3,0.45,33.64,15.97
pl,2023-12,0.96,4.43,5.94,27.27,4.02,7.87,0.4,35.42,13.68
us,2017-01,4.82,4.09,0.52,20.16,3.47,8.12,1.4,32.87,24.55
us,2017-02,4.57,3.86,2.32,19.59,3.86,6.34,1.3,34.18,23.97
us,2017-03,4.09,3.52,2.18,17.79,3.57,8.27,1.29,37.29,22.0
us,2017-04,3.89,2.93,1.45,19.65,3.29,9.14,1.13,36.5,22.03
us,2017-05,3.96,2.94,1.14,21.58,2.92,8.34,1.52,36.72,20.88
us,2017-06,4.54,2.06,1.99,25.12,2.59,10.07,1.82,32.11,19.7
us,2017-07,4.54,2.05,2.19,26.62,2.9,10.63,2.06,30.87,18.15
us,2017-08,3.6,5.69,1.06,22.29,8.66,6.62,1.63,27.59,22.86
us,2017-09,2.89,5.79,0.08,18.43,8.77,5.94,1.1,30.24,26.77
us,2017-10,3.41,4.72,0.33,21.47,6.38,5.63,1.39,32.1,24.56
us,2017-11,3.36,4.12,0.35,23.45,4.88,7.06,1.54,32.98,22.26
us,2017-12,3.64,3.89,0.44,25.54,3.69,7.92,1.28,33.42,20.18
us,2018-01,4.23,3.79,0.76,24.87,3.19,7.03,1.51,31.72,22.89
us,2018-02,5.2,3.81,1.47,21.77,3.35,5.39,2.1,34.18,22.73
us,2018-03,4.05,3.79,1.91,24.04,3.68,6.44,1.65,33.42,21.02
us,2018-04,3.72,3.78,2.39,25.48,3.41,6.14,1.72,33.17,20.19
us,2018-05,3.66,4.04,2.32,25.13,3.09,6.95,1.78,33.96,19.08
us,2018-06,4.15,2.7,2.6,27.83,3.03,8.6,1.81,31.54,17.75
us,2018-07,4.5,2.47,1.86,32.6,3.34,11.78,1.11,28.17,14.18
us,2018-08,3.38,6.86,1.64,26.07,10.24,6.16,0.76,25.84,19.06
us,2018-09,3.57,5.72,1.58,22.48,8.55,5.4,1.63,29.16,21.91
us,2018-10,3.99,5.43,2.51,24.52,6.51,8.05,1.19,28.18,19.61
us,2018-11,3.68,4.35,2.12,27.51,5.13,9.14,0.98,28.77,18.31
us,2018-12,3.36,4.33,1.85,28.93,4.86,9.49,1.03,28.41,17.73
us,2019-01,3.37,4.12,1.91,25.97,4.32,8.89,0.8,28.83,21.8
us,2019-02,3.7,4.36,2.18,23.18,4.81,8.26,0.8,32.05,20.65
us,2019-03,3.68,3.8,2.59,23.77,4.61,9.96,1.26,31.7,18.63
us,2019-04,3.89,2.98,1.3,28.84,3.3,10.78,1.01,29.55,18.36
us,2019-05,3.68,3.42,1.45,30.46,3.84,8.45,1.24,28.95,18.51
us,2019-06,3.82,2.16,2.27,31.87,3.54,9.77,1.4,28.4,16.76
us,2019-07,3.24,3.52,1.92,34.91,5.05,11.0,1.14,26.12,13.1
us,2019-08,3.03,7.86,1.49,28.22,12.96,8.05,0.84,19.61,17.95
us,2019-09,3.48,6.98,0.94,22.15,11.68,6.6,1.89,23.45,22.83
us,2019-10,2.91,5.52,1.42,27.25,7.67,7.34,1.65,25.35,20.89
us,2019-11,2.92,5.13,1.15,27.07,6.8,9.78,1.63,24.73,20.77
us,2019-12,3.16,4.01,1.35,31.11,5.48,10.96,1.24,24.52,18.16
us,2020-01,3.59,3.74,3.06,27.54,4.78,9.34,1.41,25.9,20.65
us,2020-02,2.92,4.28,4.39,25.08,5.32,10.59,1.66,25.78,19.98
us,2020-03,2.71,3.83,2.83,27.54,5.18,10.97,1.45,23.17,22.31
us,2020-04,2.96,2.99,0.74,30.73,5.05,10.37,1.41,22.55,23.2
us,2020-05,3.19,2.04,0.95,34.14,3.18,10.84,1.52,22.55,21.6
us,2020-06,3.04,1.32,2.03,38.84,2.87,11.47,1.7,20.38,18.35
us,2020-07,3.17,2.05,1.64,40.79,4.51,10.23,1.48,20.77,15.36
us,2020-08,2.45,6.52,0.85,35.07,9.62,8.87,1.0,16.73,18.89
us,2020-09,2.14,5.43,0.51,33.83,8.02,8.64,0.94,19.03,21.46
us,2020-10,2.51,3.91,0.81,36.52,5.24,9.14,1.28,20.85,19.74
us,2020-11,2.93,2.74,1.15,36.65,3.78,9.94,1.84,22.19,18.79
us,2020-12,2.67,2.31,1.76,38.33,3.12,9.74,1.5,23.43,17.14
us,2021-01,2.8,2.81,2.9,32.77,3.01,9.59,1.68,23.55,20.9
us,2021-02,2.32,2.59,2.67,33.19,2.71,9.37,2.24,23.9,20.99
us,2021-03,2.21,2.59,2.11,36.48,2.02,9.54,2.02,23.64,19.4
us,2021-04,2.45,2.28,1.65,39.16,1.92,9.21,1.81,24.08,17.44
us,2021-05,2.16,2.02,1.34,39.57,1.84,8.99,1.9,25.03,17.15
us,2021-06,2.29,1.96,1.61,40.98,1.99,9.61,1.69,25.26,14.61
us,2021-07,2.47,2.57,2.13,45.0,3.1,9.16,1.82,22.44,11.3
us,2021-08,1.88,6.61,1.44,37.0,10.62,7.33,1.51,18.05,15.56
us,2021-09,1.59,5.24,0.96,35.33,7.76,7.17,1.89,21.34,18.72
us,2021-10,1.61,4.39,1.57,36.39,4.21,8.67,2.36,22.44,18.37
us,2021-11,1.81,2.86,1.49,38.23,2.63,10.78,2.06,22.9,17.24
us,2021-12,1.73,2.9,1.51,37.54,2.36,11.55,1.36,24.86,16.19
us,2022-01,2.0,2.92,2.11,34.43,2.93,11.22,1.02,24.67,18.7
us,2022-02,2.03,2.66,1.91,33.58,2.82,10.39,1.07,27.22,18.32
us,2022-03,1.49,2.48,1.82,34.83,2.76,11.38,1.13,27.91,16.2
us,2022-04,1.68,2.01,1.65,38.82,1.99,11.74,1.07,26.06,14.98
us,2022-05,1.91,2.32,1.52,40.28,2.21,11.35,1.08,24.34,14.99
us,2022-06,1.95,2.05,1.83,42.88,2.5,11.58,1.11,23.01,13.1
us,2022-07,1.69,3.05,2.18,42.54,3.21,12.56,1.09,22.41,11.28
us,2022-08,1.49,7.14,1.27,35.82,9.88,10.06,0.88,18.58,14.88
us,2022-09,1.73,5.31,1.24,33.7,7.85,8.6,0.82,20.98,19.77
us,2022-10,1.93,3.71,1.38,35.5,4.06,9.1,0.87,24.3,19.15
us,2022-11,2.04,3.31,1.45,35.2,3.45,11.16,0.97,25.33,17.1
us,2022-12,2.15,2.85,1.42,35.44,3.07,11.67,1.25,26.18,15.98
us,2023-01,2.14,2.83,1.88,33.18,2.57,12.3,1.34,25.65,18.11
us,2023-02,2.47,2.5,1.88,33.58,2.28,12.8,1.32,25.62,17.54
us,2023-03,2.67,2.04,2.28,35.97,1.58,13.17,1.58,26.89,13.81
us,2023-04,3.27,2.0,2.4,37.82,1.51,13.05,1.22,26.71,12.02
us,2023-05,3.11,1.93,2.72,39.38,1.43,12.43,1.12,25.09,12.8
us,2023-06,3.21,2.1,2.83,40.54,1.29,13.13,1.16,23.44,12.28
us,2023-07,2.78,2.1,2.9,41.53,2.47,13.27,1.16,22.74,11.04
us,2023-08,2.57,3.77,2.11,35.22,7.17,9.65,1.77,23.09,14.64
us,2023-09,2.37,2.42,2.7,33.75,5.66,9.32,1.29,25.71,16.79
us,2023-10,2.54,1.7,2.77,35.18,2.79,10.25,1.82,25.71,17.24
us,2023-11,3.03,2.78,2.49,33.67,2.97,11.16,1.38,25.45,17.08
us,2023-12,3.27,2.87,2.87,33.51,2.78,12.78,1.21,26.28,14.43
